time,ax,ay,az,wx,wy,wz,Bx,By,Bz,Unnamed: 10,label
0.009195,0.0,0.0,0.0,0.0229,-0.1204,0.0075,0.0,0.0,0.0,,adl
0.027923,0.0,0.0,0.0,0.0229,-0.1204,0.0075,-28.5,-34.5,-2.1,,adl
0.028712,0.0,0.0,0.0,0.0229,-0.1204,0.0075,-28.5,-34.5,-2.1,,adl
0.044172,0.0,0.0,0.0,0.0229,-0.1204,0.0075,-28.5,-34.5,-2.1,,adl
0.047831,0.0,0.0,0.0,0.0229,-0.1204,0.0075,-28.5,-34.5,-2.1,,adl
0.068288,0.0,0.0,0.0,-0.0197,0.0064,0.0032,-28.5,-34.5,-2.1,,adl
0.089216,0.0,0.0,0.0,-0.0197,0.0064,0.0032,-28.92,-34.86,-2.1,,adl
0.089808,0.0,0.0,0.0,-0.0149,-0.008,-0.0101,-28.92,-34.86,-2.1,,adl
0.105486,0.0,0.0,0.0,-0.0149,-0.008,-0.0101,-28.92,-34.86,-2.1,,adl
0.106233,-0.0013,0.0006,0.2205,-0.0149,-0.008,-0.0101,-28.92,-34.86,-2.1,,adl
0.109491,-0.0013,0.0006,0.2205,0.0064,0.0272,-0.0101,-28.92,-34.86,-2.1,,adl
0.129489,-0.0013,0.0006,0.2205,0.0107,0.0186,-0.0016,-28.92,-34.86,-2.1,,adl
0.151003,-0.0013,0.0006,0.2205,0.0107,0.0186,-0.0016,-29.16,-35.1,-2.16,,adl
0.151654,-0.0013,0.0006,0.2205,0.0016,-0.0288,0.0128,-29.16,-35.1,-2.16,,adl
0.167392,-0.0013,0.0006,0.2205,0.0016,-0.0288,0.0128,-29.16,-35.1,-2.16,,adl
0.168017,0.0138,0.005,0.1486,0.0016,-0.0288,0.0128,-29.16,-35.1,-2.16,,adl
0.170742,0.0138,0.005,0.1486,-0.0059,-0.0213,0.017,-29.16,-35.1,-2.16,,adl
0.190874,0.0138,0.005,0.1486,-0.0059,0.017,0.0085,-29.16,-35.1,-2.16,,adl
0.212127,0.0138,0.005,0.1486,-0.0059,0.017,0.0085,-29.28,-35.28,-2.04,,adl
0.212856,0.0138,0.005,0.1486,0.0027,0.0154,-0.0011,-29.28,-35.28,-2.04,,adl
0.228556,0.0138,0.005,0.1486,0.0027,0.0154,-0.0011,-29.28,-35.28,-2.04,,adl
0.229206,0.013,0.0163,0.1534,0.0027,0.0154,-0.0011,-29.28,-35.28,-2.04,,adl
0.232296,0.013,0.0163,0.1534,0.0048,-0.0091,-0.0037,-29.28,-35.28,-2.04,,adl
0.252498,0.013,0.0163,0.1534,0.0016,0.0021,-0.008,-29.28,-35.28,-2.04,,adl
0.274025,0.013,0.0163,0.1534,0.0016,0.0021,-0.008,-29.52,-35.4,-2.04,,adl
0.274668,0.013,0.0163,0.1534,0.0005,0.0176,-0.0101,-29.52,-35.4,-2.04,,adl
0.289962,0.013,0.0163,0.1534,0.0005,0.0176,-0.0101,-29.52,-35.4,-2.04,,adl
0.290563,-0.0644,0.0035,0.1539,0.0005,0.0176,-0.0101,-29.52,-35.4,-2.04,,adl
0.293205,-0.0644,0.0035,0.1539,0.0059,0.017,-0.0069,-29.52,-35.4,-2.04,,adl
0.314497,-0.0644,0.0035,0.1539,0.0043,0.0043,-0.0069,-29.52,-35.4,-2.04,,adl
0.335076,-0.0644,0.0035,0.1539,0.0043,0.0043,-0.0069,-28.98,-35.16,-1.74,,adl
0.335744,-0.0644,0.0035,0.1539,-0.0011,-0.0027,-0.0053,-28.98,-35.16,-1.74,,adl
0.351504,-0.0644,0.0035,0.1539,-0.0011,-0.0027,-0.0053,-28.98,-35.16,-1.74,,adl
0.352182,-0.0126,-0.052,0.1778,-0.0011,-0.0027,-0.0053,-28.98,-35.16,-1.74,,adl
0.355457,-0.0126,-0.052,0.1778,-0.0037,-0.0123,0.0032,-28.98,-35.16,-1.74,,adl
0.376087,-0.0126,-0.052,0.1778,-0.0064,-0.0346,0.0112,-28.98,-35.16,-1.74,,adl
0.39687,-0.0126,-0.052,0.1778,-0.0064,-0.0346,0.0112,-28.44,-34.8,-1.56,,adl
0.397454,-0.0126,-0.052,0.1778,-0.0043,-0.0469,0.0138,-28.44,-34.8,-1.56,,adl
0.413126,-0.0126,-0.052,0.1778,-0.0043,-0.0469,0.0138,-28.44,-34.8,-1.56,,adl
0.41375,0.1684,-0.0648,0.1273,-0.0043,-0.0469,0.0138,-28.44,-34.8,-1.56,,adl
0.41739,0.1684,-0.0648,0.1273,0.0011,-0.0218,0.0128,-28.44,-34.8,-1.56,,adl
0.437622,0.1684,-0.0648,0.1273,0.0112,0.0202,0.0059,-28.44,-34.8,-1.56,,adl
0.458975,0.1684,-0.0648,0.1273,0.0112,0.0202,0.0059,-28.5,-34.62,-1.44,,adl
0.459629,0.1684,-0.0648,0.1273,0.0117,0.0389,-0.0059,-28.5,-34.62,-1.44,,adl
0.474797,0.1684,-0.0648,0.1273,0.0117,0.0389,-0.0059,-28.5,-34.62,-1.44,,adl
0.475409,0.0615,0.0522,0.1465,0.0117,0.0389,-0.0059,-28.5,-34.62,-1.44,,adl
0.478759,0.0615,0.0522,0.1465,-0.0032,0.033,-0.0112,-28.5,-34.62,-1.44,,adl
0.498584,0.0615,0.0522,0.1465,-0.008,0.0133,-0.0085,-28.5,-34.62,-1.44,,adl
0.520736,0.0615,0.0522,0.1465,-0.008,0.0133,-0.0085,-28.2,-34.38,-0.96,,adl
0.521444,0.0615,0.0522,0.1465,0.0027,-0.0069,-0.0059,-28.2,-34.38,-0.96,,adl
0.536618,0.0615,0.0522,0.1465,0.0027,-0.0069,-0.0059,-28.2,-34.38,-0.96,,adl
0.537283,-0.1096,0.0296,0.1466,0.0027,-0.0069,-0.0059,-28.2,-34.38,-0.96,,adl
0.539952,-0.1096,0.0296,0.1466,0.008,-0.0176,-0.0016,-28.2,-34.38,-0.96,,adl
0.560885,-0.1096,0.0296,0.1466,0.0043,-0.0107,0.0032,-28.2,-34.38,-0.96,,adl
0.581618,-0.1096,0.0296,0.1466,0.0043,-0.0107,0.0032,-28.26,-34.38,-1.5,,adl
0.582375,-0.1096,0.0296,0.1466,-0.0053,-0.0149,0.0032,-28.26,-34.38,-1.5,,adl
0.598366,-0.1096,0.0296,0.1466,-0.0053,-0.0149,0.0032,-28.26,-34.38,-1.5,,adl
0.599399,0.0905,-0.0102,0.1752,-0.0053,-0.0149,0.0032,-28.26,-34.38,-1.5,,adl
0.60333,0.0905,-0.0102,0.1752,-0.0032,-0.0234,-0.0011,-28.26,-34.38,-1.5,,adl
0.622037,0.0905,-0.0102,0.1752,0.0043,-0.0043,-0.0037,-28.26,-34.38,-1.5,,adl
0.643971,0.0905,-0.0102,0.1752,0.0043,-0.0043,-0.0037,-28.74,-34.44,-1.32,,adl
0.645053,0.0905,-0.0102,0.1752,-0.0005,0.0181,-0.0027,-28.74,-34.44,-1.32,,adl
0.660486,0.0905,-0.0102,0.1752,-0.0005,0.0181,-0.0027,-28.74,-34.44,-1.32,,adl
0.661623,0.0603,-0.0405,0.1441,-0.0005,0.0181,-0.0027,-28.74,-34.44,-1.32,,adl
0.663882,0.0603,-0.0405,0.1441,-0.0069,0.0138,0.0037,-28.74,-34.44,-1.32,,adl
0.684904,0.0603,-0.0405,0.1441,-0.0043,-0.0027,0.0101,-28.74,-34.44,-1.32,,adl
0.704811,0.0603,-0.0405,0.1441,-0.0043,-0.0027,0.0101,-28.86,-34.56,-1.26,,adl
0.705796,0.0603,-0.0405,0.1441,-0.0011,-0.016,0.0123,-28.86,-34.56,-1.26,,adl
0.721399,0.0603,-0.0405,0.1441,-0.0011,-0.016,0.0123,-28.86,-34.56,-1.26,,adl
0.722545,0.0316,-0.0254,0.2039,-0.0011,-0.016,0.0123,-28.86,-34.56,-1.26,,adl
0.725031,0.0316,-0.0254,0.2039,0.0085,-0.0101,0.0075,-28.86,-34.56,-1.26,,adl
0.745105,0.0316,-0.0254,0.2039,0.0144,0.0043,0.0059,-28.86,-34.56,-1.26,,adl
0.768247,0.0316,-0.0254,0.2039,0.0144,0.0043,0.0059,-28.92,-34.68,-1.26,,adl
0.769207,0.0316,-0.0254,0.2039,0.0053,0.0192,0.0005,-28.92,-34.68,-1.26,,adl
0.783153,0.0316,-0.0254,0.2039,0.0053,0.0192,0.0005,-28.92,-34.68,-1.26,,adl
0.784147,0.0745,0.052,0.1105,0.0053,0.0192,0.0005,-28.92,-34.68,-1.26,,adl
0.787258,0.0745,0.052,0.1105,-0.0027,0.0165,-0.008,-28.92,-34.68,-1.26,,adl
0.807328,0.0745,0.052,0.1105,-0.0027,0.0064,-0.0091,-28.92,-34.68,-1.26,,adl
0.828146,0.0745,0.052,0.1105,-0.0027,0.0064,-0.0091,-28.98,-34.62,-1.68,,adl
0.829155,0.0745,0.052,0.1105,-0.0043,-0.0037,-0.0064,-28.98,-34.62,-1.68,,adl
0.844409,0.0745,0.052,0.1105,-0.0043,-0.0037,-0.0064,-28.98,-34.62,-1.68,,adl
0.845411,-0.1071,-0.0013,0.2039,-0.0043,-0.0037,-0.0064,-28.98,-34.62,-1.68,,adl
0.847986,-0.1071,-0.0013,0.2039,0.0043,-0.0069,-0.0011,-28.98,-34.62,-1.68,,adl
0.868832,-0.1071,-0.0013,0.2039,0.0096,-0.0138,-0.0016,-28.98,-34.62,-1.68,,adl
0.889911,-0.1071,-0.0013,0.2039,0.0096,-0.0138,-0.0016,-28.74,-34.5,-1.8,,adl
0.890878,-0.1071,-0.0013,0.2039,0.0021,-0.0128,-0.0053,-28.74,-34.5,-1.8,,adl
0.906167,-0.1071,-0.0013,0.2039,0.0021,-0.0128,-0.0053,-28.74,-34.5,-1.8,,adl
0.906811,0.0838,-0.1172,0.1272,0.0021,-0.0128,-0.0053,-28.74,-34.5,-1.8,,adl
0.912712,0.0838,-0.1172,0.1272,-0.0101,0.0011,-0.0011,-28.74,-34.5,-1.8,,adl
0.930614,0.0838,-0.1172,0.1272,-0.0091,0.0011,0.0032,-28.74,-34.5,-1.8,,adl
0.95149,0.0838,-0.1172,0.1272,-0.0091,-0.0133,0.0043,-28.74,-34.5,-1.8,,adl
0.952513,0.0838,-0.1172,0.1272,-0.0091,-0.0133,0.0043,-28.5,-34.56,-2.04,,adl
0.968222,0.0838,-0.1172,0.1272,-0.0091,-0.0133,0.0043,-28.5,-34.56,-2.04,,adl
0.969322,0.0162,0.07,0.187,-0.0091,-0.0133,0.0043,-28.5,-34.56,-2.04,,adl
0.971393,0.0162,0.07,0.187,0.0027,-0.0112,-0.0016,-28.5,-34.56,-2.04,,adl
0.991615,0.0162,0.07,0.187,0.0123,-0.0005,-0.0005,-28.5,-34.56,-2.04,,adl
1.014085,0.0162,0.07,0.187,0.0123,-0.0005,-0.0005,-28.86,-34.8,-1.68,,adl
1.015067,0.0162,0.07,0.187,0.0043,0.0096,-0.0048,-28.86,-34.8,-1.68,,adl
1.028911,0.0162,0.07,0.187,0.0043,0.0096,-0.0048,-28.86,-34.8,-1.68,,adl
1.030056,0.0651,-0.0287,0.1655,0.0043,0.0096,-0.0048,-28.86,-34.8,-1.68,,adl
1.032338,0.0651,-0.0287,0.1655,-0.0016,0.0053,-0.0048,-28.86,-34.8,-1.68,,adl
1.053278,0.0651,-0.0287,0.1655,-0.0021,-0.0037,0.0,-28.86,-34.8,-1.68,,adl
1.075136,0.0651,-0.0287,0.1655,-0.0021,-0.0037,0.0,-29.58,-34.92,-1.56,,adl
1.076127,0.0651,-0.0287,0.1655,0.0027,-0.0096,-0.0011,-29.58,-34.92,-1.56,,adl
1.090915,0.0651,-0.0287,0.1655,0.0027,-0.0096,-0.0011,-29.58,-34.92,-1.56,,adl
1.091952,-0.0063,0.0075,0.132,0.0027,-0.0096,-0.0011,-29.58,-34.92,-1.56,,adl
1.094635,-0.0063,0.0075,0.132,0.0037,-0.0032,-0.0027,-29.58,-34.92,-1.56,,adl
1.115449,-0.0063,0.0075,0.132,0.0037,0.0117,-0.0043,-29.58,-34.92,-1.56,,adl
1.136153,-0.0063,0.0075,0.132,0.0037,0.0117,-0.0043,-29.76,-35.34,-1.68,,adl
1.137157,-0.0063,0.0075,0.132,0.008,0.0117,-0.0021,-29.76,-35.34,-1.68,,adl
1.152103,-0.0063,0.0075,0.132,0.008,0.0117,-0.0021,-29.76,-35.34,-1.68,,adl
1.153023,-0.0189,-0.0028,0.1488,0.008,0.0117,-0.0021,-29.76,-35.34,-1.68,,adl
1.155954,-0.0189,-0.0028,0.1488,0.0048,-0.0027,0.0037,-29.76,-35.34,-1.68,,adl
1.176527,-0.0189,-0.0028,0.1488,-0.0043,-0.0133,0.0037,-29.76,-35.34,-1.68,,adl
1.197456,-0.0189,-0.0028,0.1488,-0.0043,-0.0133,0.0037,-30.18,-35.1,-1.62,,adl
1.198531,-0.0189,-0.0028,0.1488,0.0,-0.0053,-0.0005,-30.18,-35.1,-1.62,,adl
1.21409,-0.0189,-0.0028,0.1488,0.0,-0.0053,-0.0005,-30.18,-35.1,-1.62,,adl
1.215062,0.029,-0.024,0.1751,0.0,-0.0053,-0.0005,-30.18,-35.1,-1.62,,adl
1.218339,0.029,-0.024,0.1751,-0.0011,-0.0005,-0.0037,-30.18,-35.1,-1.62,,adl
1.237998,0.029,-0.024,0.1751,-0.0027,0.0021,0.0016,-30.18,-35.1,-1.62,,adl
1.259325,0.029,-0.024,0.1751,-0.0027,0.0021,0.0016,-30.3,-35.22,-2.34,,adl
1.260247,0.029,-0.024,0.1751,-0.0011,-0.0011,0.0037,-30.3,-35.22,-2.34,,adl
1.275953,0.029,-0.024,0.1751,-0.0011,-0.0011,0.0037,-30.3,-35.22,-2.34,,adl
1.276899,0.012,-0.0037,0.1368,-0.0011,-0.0011,0.0037,-30.3,-35.22,-2.34,,adl
1.27893,0.012,-0.0037,0.1368,-0.0032,-0.0085,0.0043,-30.3,-35.22,-2.34,,adl
1.299808,0.012,-0.0037,0.1368,0.0011,0.0005,0.0005,-30.3,-35.22,-2.34,,adl
1.320499,0.012,-0.0037,0.1368,0.0011,0.0005,0.0005,-29.88,-35.46,-2.46,,adl
1.321503,0.012,-0.0037,0.1368,0.0043,0.0027,-0.0048,-29.88,-35.46,-2.46,,adl
1.336727,0.012,-0.0037,0.1368,0.0043,0.0027,-0.0048,-29.88,-35.46,-2.46,,adl
1.337714,0.0223,0.0314,0.1655,0.0043,0.0027,-0.0048,-29.88,-35.46,-2.46,,adl
1.340571,0.0223,0.0314,0.1655,0.0075,-0.0027,-0.0032,-29.88,-35.46,-2.46,,adl
1.361049,0.0223,0.0314,0.1655,-0.0021,0.0,-0.0027,-29.88,-35.46,-2.46,,adl
1.383024,0.0223,0.0314,0.1655,-0.0021,0.0,-0.0027,-29.94,-35.52,-2.52,,adl
1.384554,0.0223,0.0314,0.1655,-0.0075,0.0027,-0.0032,-29.94,-35.52,-2.52,,adl
1.398626,0.0223,0.0314,0.1655,-0.0075,0.0027,-0.0032,-29.94,-35.52,-2.52,,adl
1.400653,-0.0232,-0.028,0.2038,-0.0075,0.0027,-0.0032,-29.94,-35.52,-2.52,,adl
1.402374,-0.0232,-0.028,0.2038,0.0005,0.0,0.0005,-29.94,-35.52,-2.52,,adl
1.422726,-0.0232,-0.028,0.2038,0.0037,-0.0016,0.0011,-29.94,-35.52,-2.52,,adl
1.443412,-0.0232,-0.028,0.2038,0.0037,-0.0016,0.0011,-29.7,-35.58,-2.1,,adl
1.44447,-0.0232,-0.028,0.2038,0.0016,-0.0043,-0.0021,-29.7,-35.58,-2.1,,adl
1.459935,-0.0232,-0.028,0.2038,0.0016,-0.0043,-0.0021,-29.7,-35.58,-2.1,,adl
1.460959,0.0281,-0.0027,0.1343,0.0016,-0.0043,-0.0021,-29.7,-35.58,-2.1,,adl
1.463629,0.0281,-0.0027,0.1343,0.0027,-0.0011,-0.0037,-29.7,-35.58,-2.1,,adl
1.484353,0.0281,-0.0027,0.1343,0.0037,0.0016,-0.0032,-29.7,-35.58,-2.1,,adl
1.505382,0.0281,-0.0027,0.1343,0.0037,0.0016,-0.0032,-29.34,-35.7,-1.92,,adl
1.506258,0.0281,-0.0027,0.1343,-0.0085,0.0011,0.0016,-29.34,-35.7,-1.92,,adl
1.521568,0.0281,-0.0027,0.1343,-0.0085,0.0011,0.0016,-29.34,-35.7,-1.92,,adl
1.522646,-0.01,-0.0601,0.1774,-0.0085,0.0011,0.0016,-29.34,-35.7,-1.92,,adl
1.526298,-0.01,-0.0601,0.1774,-0.0133,-0.0053,0.0053,-29.34,-35.7,-1.92,,adl
1.546068,-0.01,-0.0601,0.1774,0.0011,-0.0112,0.0117,-29.34,-35.7,-1.92,,adl
1.567412,-0.01,-0.0601,0.1774,0.0011,-0.0112,0.0117,-29.34,-35.7,-1.62,,adl
1.568433,-0.01,-0.0601,0.1774,0.0123,-0.0117,0.0096,-29.34,-35.7,-1.62,,adl
1.584185,-0.01,-0.0601,0.1774,0.0123,-0.0117,0.0096,-29.34,-35.7,-1.62,,adl
1.585151,0.0997,0.024,0.1726,0.0123,-0.0117,0.0096,-29.34,-35.7,-1.62,,adl
1.587168,0.0997,0.024,0.1726,0.0123,-0.0064,0.0011,-29.34,-35.7,-1.62,,adl
1.607404,0.0997,0.024,0.1726,-0.0011,0.0123,-0.0064,-29.34,-35.7,-1.62,,adl
1.628727,0.0997,0.024,0.1726,-0.0011,0.0123,-0.0064,-29.46,-35.34,-1.68,,adl
1.629646,0.0997,0.024,0.1726,-0.0069,0.0202,-0.0107,-29.46,-35.34,-1.68,,adl
1.644608,0.0997,0.024,0.1726,-0.0069,0.0202,-0.0107,-29.46,-35.34,-1.68,,adl
1.64553,-0.0056,0.0064,0.1343,-0.0069,0.0202,-0.0107,-29.46,-35.34,-1.68,,adl
1.648234,-0.0056,0.0064,0.1343,-0.0101,0.0064,-0.0053,-29.46,-35.34,-1.68,,adl
1.669069,-0.0056,0.0064,0.1343,0.0037,0.0,-0.0021,-29.46,-35.34,-1.68,,adl
1.690329,-0.0056,0.0064,0.1343,0.0037,0.0,-0.0021,-29.58,-35.58,-1.5,,adl
1.691285,-0.0056,0.0064,0.1343,0.0101,0.0069,0.0016,-29.58,-35.58,-1.5,,adl
1.7067,-0.0056,0.0064,0.1343,0.0101,0.0069,0.0016,-29.58,-35.58,-1.5,,adl
1.707649,-0.003,0.0008,0.1942,0.0101,0.0069,0.0016,-29.58,-35.58,-1.5,,adl
1.71122,-0.003,0.0008,0.1942,0.0027,0.0043,0.0037,-29.58,-35.58,-1.5,,adl
1.730997,-0.003,0.0008,0.1942,-0.0064,-0.0091,0.0096,-29.58,-35.58,-1.5,,adl
1.752189,-0.003,0.0008,0.1942,-0.0064,-0.0091,0.0096,-29.64,-35.04,-1.56,,adl
1.753204,-0.003,0.0008,0.1942,-0.0011,-0.0192,0.0096,-29.64,-35.04,-1.56,,adl
1.768309,-0.003,0.0008,0.1942,-0.0011,-0.0192,0.0096,-29.64,-35.04,-1.56,,adl
1.769325,0.0788,-0.0498,0.1175,-0.0011,-0.0192,0.0096,-29.64,-35.04,-1.56,,adl
1.771637,0.0788,-0.0498,0.1175,0.0053,-0.0133,0.0048,-29.64,-35.04,-1.56,,adl
1.792999,0.0788,-0.0498,0.1175,0.0075,0.0069,0.0,-29.64,-35.04,-1.56,,adl
1.813418,0.0788,-0.0498,0.1175,0.0075,0.0069,0.0,-29.58,-35.1,-1.44,,adl
1.814397,0.0788,-0.0498,0.1175,0.0037,0.0224,-0.0043,-29.58,-35.1,-1.44,,adl
1.829759,0.0788,-0.0498,0.1175,0.0037,0.0224,-0.0043,-29.58,-35.1,-1.44,,adl
1.830793,-0.0235,0.0568,0.2061,0.0037,0.0224,-0.0043,-29.58,-35.1,-1.44,,adl
1.833211,-0.0235,0.0568,0.2061,0.0021,0.0208,-0.0064,-29.58,-35.1,-1.44,,adl
1.853466,-0.0235,0.0568,0.2061,0.0053,-0.0011,-0.0037,-29.58,-35.1,-1.44,,adl
1.875774,-0.0235,0.0568,0.2061,0.0053,-0.0011,-0.0037,-29.4,-35.46,-1.8,,adl
1.876768,-0.0235,0.0568,0.2061,0.0043,-0.0165,0.0021,-29.4,-35.46,-1.8,,adl
1.891142,-0.0235,0.0568,0.2061,0.0043,-0.0165,0.0021,-29.4,-35.46,-1.8,,adl
1.892102,-0.0156,-0.0739,0.1152,0.0043,-0.0165,0.0021,-29.4,-35.46,-1.8,,adl
1.894636,-0.0156,-0.0739,0.1152,0.0027,-0.016,0.0075,-29.4,-35.46,-1.8,,adl
1.915364,-0.0156,-0.0739,0.1152,-0.0016,-0.0011,0.0064,-29.4,-35.46,-1.8,,adl
1.936307,-0.0156,-0.0739,0.1152,-0.0016,-0.0011,0.0064,-29.4,-35.52,-1.92,,adl
1.93723,-0.0156,-0.0739,0.1152,-0.0011,0.0112,0.0021,-29.4,-35.52,-1.92,,adl
1.952921,-0.0156,-0.0739,0.1152,-0.0011,0.0112,0.0021,-29.4,-35.52,-1.92,,adl
1.954062,-0.0072,0.0314,0.1966,-0.0011,0.0112,0.0021,-29.4,-35.52,-1.92,,adl
1.956757,-0.0072,0.0314,0.1966,0.0053,0.0005,0.0021,-29.4,-35.52,-1.92,,adl
1.976986,-0.0072,0.0314,0.1966,0.0005,-0.0048,0.0005,-29.4,-35.52,-1.92,,adl
1.998431,-0.0072,0.0314,0.1966,0.0005,-0.0048,0.0005,-29.16,-35.88,-2.1,,adl
1.999942,-0.0072,0.0314,0.1966,-0.0053,-0.0032,0.0005,-29.16,-35.88,-2.1,,adl
2.014434,-0.0072,0.0314,0.1966,-0.0053,-0.0032,0.0005,-29.16,-35.88,-2.1,,adl
2.016185,0.0009,0.0145,0.1654,-0.0053,-0.0032,0.0005,-29.16,-35.88,-2.1,,adl
2.017691,0.0009,0.0145,0.1654,0.0005,-0.0075,0.0011,-29.16,-35.88,-2.1,,adl
2.038673,0.0009,0.0145,0.1654,0.0064,0.0021,0.0016,-29.16,-35.88,-2.1,,adl
2.059646,0.0009,0.0145,0.1654,0.0064,0.0021,0.0016,-29.28,-35.7,-2.16,,adl
2.061339,0.0009,0.0145,0.1654,0.0043,0.0069,-0.0011,-29.28,-35.7,-2.16,,adl
2.076159,0.0009,0.0145,0.1654,0.0043,0.0069,-0.0011,-29.28,-35.7,-2.16,,adl
2.077767,0.0388,-0.0209,0.1415,0.0043,0.0069,-0.0011,-29.28,-35.7,-2.16,,adl
2.080103,0.0388,-0.0209,0.1415,-0.0016,0.0032,-0.0016,-29.28,-35.7,-2.16,,adl
2.101752,0.0388,-0.0209,0.1415,-0.0016,0.0027,0.0,-29.28,-35.7,-2.16,,adl
2.121533,0.0388,-0.0209,0.1415,-0.0016,0.0027,0.0,-28.98,-35.4,-1.5,,adl
2.122706,0.0388,-0.0209,0.1415,-0.0005,0.0043,-0.0005,-28.98,-35.4,-1.5,,adl
2.137241,0.0388,-0.0209,0.1415,-0.0005,0.0043,-0.0005,-28.98,-35.4,-1.5,,adl
2.13834,-0.0521,0.0014,0.1607,-0.0005,0.0043,-0.0005,-28.98,-35.4,-1.5,,adl
2.140709,-0.0521,0.0014,0.1607,0.0053,0.0064,0.0005,-28.98,-35.4,-1.5,,adl
2.161972,-0.0521,0.0014,0.1607,0.0101,0.0059,0.0005,-28.98,-35.4,-1.5,,adl
2.182656,-0.0521,0.0014,0.1607,0.0101,0.0059,0.0005,-28.86,-35.04,-1.92,,adl
2.183631,-0.0521,0.0014,0.1607,0.0037,0.0011,0.0032,-28.86,-35.04,-1.92,,adl
2.199163,-0.0521,0.0014,0.1607,0.0037,0.0011,0.0032,-28.86,-35.04,-1.92,,adl
2.200159,0.0271,0.0214,0.1511,0.0037,0.0011,0.0032,-28.86,-35.04,-1.92,,adl
2.202919,0.0271,0.0214,0.1511,-0.0064,-0.0107,0.0048,-28.86,-35.04,-1.92,,adl
2.223323,0.0271,0.0214,0.1511,-0.0048,-0.0107,0.0021,-28.86,-35.04,-1.92,,adl
2.244469,0.0271,0.0214,0.1511,-0.0048,-0.0107,0.0021,-29.28,-34.98,-1.92,,adl
2.245418,0.0271,0.0214,0.1511,-0.0005,0.0101,-0.0021,-29.28,-34.98,-1.92,,adl
2.260735,0.0271,0.0214,0.1511,-0.0005,0.0101,-0.0021,-29.28,-34.98,-1.92,,adl
2.261723,-0.0388,-0.0677,0.1511,-0.0005,0.0101,-0.0021,-29.28,-34.98,-1.92,,adl
2.264297,-0.0388,-0.0677,0.1511,0.0032,0.0165,0.0021,-29.28,-34.98,-1.92,,adl
2.28451,-0.0388,-0.0677,0.1511,0.0011,0.0021,0.0053,-29.28,-34.98,-1.92,,adl
2.305472,-0.0388,-0.0677,0.1511,0.0011,0.0021,0.0053,-29.4,-35.4,-1.74,,adl
2.306597,-0.0388,-0.0677,0.1511,0.0027,-0.016,0.0059,-29.4,-35.4,-1.74,,adl
2.322376,-0.0388,-0.0677,0.1511,0.0027,-0.016,0.0059,-29.4,-35.4,-1.74,,adl
2.323536,0.0758,0.0385,0.1463,0.0027,-0.016,0.0059,-29.4,-35.4,-1.74,,adl
2.326246,0.0758,0.0385,0.1463,0.0016,-0.025,0.0,-29.4,-35.4,-1.74,,adl
2.346063,0.0758,0.0385,0.1463,0.0005,0.0011,-0.0048,-29.4,-35.4,-1.74,,adl
2.367351,0.0758,0.0385,0.1463,0.0005,0.0011,-0.0048,-29.94,-35.88,-2.1,,adl
2.368235,0.0758,0.0385,0.1463,0.0,0.0357,-0.0048,-29.94,-35.88,-2.1,,adl
2.384312,0.0758,0.0385,0.1463,0.0,0.0357,-0.0048,-29.94,-35.88,-2.1,,adl
2.385067,-0.0344,-0.0288,0.1487,0.0,0.0357,-0.0048,-29.94,-35.88,-2.1,,adl
2.387865,-0.0344,-0.0288,0.1487,-0.0101,0.0325,-0.0011,-29.94,-35.88,-2.1,,adl
2.40912,-0.0344,-0.0288,0.1487,-0.008,-0.0101,0.0027,-29.94,-35.88,-2.1,,adl
2.429368,-0.0344,-0.0288,0.1487,-0.008,-0.0101,0.0027,-30.0,-36.0,-1.74,,adl
2.430579,-0.0344,-0.0288,0.1487,0.0085,-0.0453,0.0032,-30.0,-36.0,-1.74,,adl
2.445735,-0.0344,-0.0288,0.1487,0.0085,-0.0453,0.0032,-30.0,-36.0,-1.74,,adl
2.446657,0.0136,0.0494,0.1511,0.0085,-0.0453,0.0032,-30.0,-36.0,-1.74,,adl
2.448666,0.0136,0.0494,0.1511,0.0107,-0.0272,0.0,-30.0,-36.0,-1.74,,adl
2.469735,0.0136,0.0494,0.1511,0.0027,0.0096,-0.0027,-30.0,-36.0,-1.74,,adl
2.491428,0.0136,0.0494,0.1511,0.0027,0.0096,-0.0027,-29.7,-35.7,-2.16,,adl
2.492371,0.0136,0.0494,0.1511,-0.0005,0.017,-0.0021,-29.7,-35.7,-2.16,,adl
2.506725,0.0136,0.0494,0.1511,-0.0005,0.017,-0.0021,-29.7,-35.7,-2.16,,adl
2.507698,0.0762,-0.0762,0.1176,-0.0005,0.017,-0.0021,-29.7,-35.7,-2.16,,adl
2.510316,0.0762,-0.0762,0.1176,0.0027,0.0037,-0.0043,-29.7,-35.7,-2.16,,adl
2.531866,0.0762,-0.0762,0.1176,0.0064,-0.0048,-0.0064,-29.7,-35.7,-2.16,,adl
2.552372,0.0762,-0.0762,0.1176,0.0064,-0.0048,-0.0064,-29.4,-35.22,-2.4,,adl
2.553386,0.0762,-0.0762,0.1176,0.0032,-0.0032,-0.0011,-29.4,-35.22,-2.4,,adl
2.568731,0.0762,-0.0762,0.1176,0.0032,-0.0032,-0.0011,-29.4,-35.22,-2.4,,adl
2.569803,-0.0067,-0.0084,0.2109,0.0032,-0.0032,-0.0011,-29.4,-35.22,-2.4,,adl
2.572501,-0.0067,-0.0084,0.2109,0.0032,0.0011,-0.0016,-29.4,-35.22,-2.4,,adl
2.592355,-0.0067,-0.0084,0.2109,0.0107,-0.0043,-0.0005,-29.4,-35.22,-2.4,,adl
2.614446,-0.0067,-0.0084,0.2109,0.0107,-0.0043,-0.0005,-29.34,-34.62,-2.4,,adl
2.615418,-0.0067,-0.0084,0.2109,0.0069,0.0032,-0.0064,-29.34,-34.62,-2.4,,adl
2.630593,-0.0067,-0.0084,0.2109,0.0069,0.0032,-0.0064,-29.34,-34.62,-2.4,,adl
2.631699,0.0095,-0.0258,0.0865,0.0069,0.0032,-0.0064,-29.34,-34.62,-2.4,,adl
2.635327,0.0095,-0.0258,0.0865,0.0032,0.0165,-0.0069,-29.34,-34.62,-2.4,,adl
2.655587,0.0095,-0.0258,0.0865,-0.0096,0.0043,-0.0032,-29.34,-34.62,-2.4,,adl
2.676464,0.0095,-0.0258,0.0865,-0.0096,0.0043,-0.0032,-29.34,-34.62,-2.64,,adl
2.677456,0.0095,-0.0258,0.0865,-0.0101,-0.0165,0.0053,-29.34,-34.62,-2.64,,adl
2.691427,0.0095,-0.0258,0.0865,-0.0101,-0.0165,0.0053,-29.34,-34.62,-2.64,,adl
2.692413,-0.0957,-0.0005,0.2038,-0.0101,-0.0165,0.0053,-29.34,-34.62,-2.64,,adl
2.695591,-0.0957,-0.0005,0.2038,0.0021,-0.0176,0.0059,-29.34,-34.62,-2.64,,adl
2.715442,-0.0957,-0.0005,0.2038,0.008,-0.0096,0.0027,-29.34,-34.62,-2.64,,adl
2.739487,-0.0957,-0.0005,0.2038,0.008,-0.0096,0.0027,-29.4,-34.86,-2.4,,adl
2.740457,-0.0957,-0.0005,0.2038,0.0064,0.0021,-0.0005,-29.4,-34.86,-2.4,,adl
2.753209,-0.0957,-0.0005,0.2038,0.0064,0.0021,-0.0005,-29.4,-34.86,-2.4,,adl
2.754401,0.1078,0.0269,0.1271,0.0064,0.0021,-0.0005,-29.4,-34.86,-2.4,,adl
2.75643,0.1078,0.0269,0.1271,-0.0064,0.0064,-0.0064,-29.4,-34.86,-2.4,,adl
2.773364,0.1078,0.0269,0.1271,-0.0064,0.0064,-0.0064,-29.4,-34.86,-2.4,,adl
2.774292,0.0862,-0.0483,0.1606,-0.0064,0.0064,-0.0064,-29.4,-34.86,-2.4,,adl
2.77702,0.0862,-0.0483,0.1606,-0.0069,-0.0005,-0.0037,-29.4,-34.86,-2.4,,adl
2.794093,0.0862,-0.0483,0.1606,-0.0069,-0.0005,-0.0037,-29.4,-34.86,-2.4,,adl
2.794902,0.0653,-0.089,0.1678,-0.0069,-0.0005,-0.0037,-29.4,-34.86,-2.4,,adl
2.79811,0.0653,-0.089,0.1678,-0.0027,-0.0096,-0.0011,-29.4,-34.86,-2.4,,adl
2.798668,0.0653,-0.089,0.1678,-0.0027,-0.0096,-0.0011,-29.16,-34.86,-2.4,,adl
2.814462,0.0653,-0.089,0.1678,-0.0027,-0.0096,-0.0011,-29.16,-34.86,-2.4,,adl
2.815303,0.026,-0.0823,0.1391,-0.0027,-0.0096,-0.0011,-29.16,-34.86,-2.4,,adl
2.818495,0.026,-0.0823,0.1391,0.0027,-0.0059,0.0005,-29.16,-34.86,-2.4,,adl
2.835278,0.026,-0.0823,0.1391,0.0027,-0.0059,0.0005,-29.16,-34.86,-2.4,,adl
2.835991,-0.007,-0.0434,0.1678,0.0027,-0.0059,0.0005,-29.16,-34.86,-2.4,,adl
2.838655,-0.007,-0.0434,0.1678,0.0069,0.0048,0.0,-29.16,-34.86,-2.4,,adl
2.855589,-0.007,-0.0434,0.1678,0.0069,0.0048,0.0,-29.16,-34.86,-2.4,,adl
2.856154,-0.035,0.0155,0.1845,0.0069,0.0048,0.0,-29.16,-34.86,-2.4,,adl
2.859944,-0.035,0.0155,0.1845,0.0069,0.0048,0.0,-28.98,-35.1,-2.64,,adl
2.860512,-0.035,0.0155,0.1845,0.0048,0.0224,0.0,-28.98,-35.1,-2.64,,adl
2.876259,-0.035,0.0155,0.1845,0.0048,0.0224,0.0,-28.98,-35.1,-2.64,,adl
2.877061,-0.0305,0.029,0.1702,0.0048,0.0224,0.0,-28.98,-35.1,-2.64,,adl
2.879768,-0.0305,0.029,0.1702,-0.0016,0.017,0.0011,-28.98,-35.1,-2.64,,adl
2.896891,-0.0305,0.029,0.1702,-0.0016,0.017,0.0011,-28.98,-35.1,-2.64,,adl
2.898058,-0.0558,0.003,0.1511,-0.0016,0.017,0.0011,-28.98,-35.1,-2.64,,adl
2.901333,-0.0558,0.003,0.1511,-0.0032,0.0032,0.0021,-28.98,-35.1,-2.64,,adl
2.918158,-0.0558,0.003,0.1511,-0.0032,0.0032,0.0021,-28.98,-35.1,-2.64,,adl
2.919228,-0.0619,-0.0297,0.1511,-0.0032,0.0032,0.0021,-28.98,-35.1,-2.64,,adl
2.921372,-0.0619,-0.0297,0.1511,-0.0032,0.0032,0.0021,-28.98,-35.16,-2.76,,adl
2.92238,-0.0619,-0.0297,0.1511,0.0,-0.0053,0.0032,-28.98,-35.16,-2.76,,adl
2.937692,-0.0619,-0.0297,0.1511,0.0,-0.0053,0.0032,-28.98,-35.16,-2.76,,adl
2.938711,-0.034,-0.0319,0.1199,0.0,-0.0053,0.0032,-28.98,-35.16,-2.76,,adl
2.943531,-0.034,-0.0319,0.1199,0.0027,-0.0064,0.0027,-28.98,-35.16,-2.76,,adl
2.959165,-0.034,-0.0319,0.1199,0.0027,-0.0064,0.0027,-28.98,-35.16,-2.76,,adl
2.960113,-0.0087,0.0036,0.1295,0.0027,-0.0064,0.0027,-28.98,-35.16,-2.76,,adl
2.962035,-0.0087,0.0036,0.1295,0.0005,-0.0144,0.0069,-28.98,-35.16,-2.76,,adl
2.979136,-0.0087,0.0036,0.1295,0.0005,-0.0144,0.0069,-28.98,-35.16,-2.76,,adl
2.980127,0.0292,0.0562,0.1678,0.0005,-0.0144,0.0069,-28.98,-35.16,-2.76,,adl
2.98514,0.0292,0.0562,0.1678,0.0005,-0.0144,0.0069,-29.4,-35.04,-2.52,,adl
2.986206,0.0292,0.0562,0.1678,-0.0032,-0.0128,0.0053,-29.4,-35.04,-2.52,,adl
2.999786,0.0292,0.0562,0.1678,-0.0032,-0.0128,0.0053,-29.4,-35.04,-2.52,,adl
3.000803,0.0457,0.0399,0.1726,-0.0032,-0.0128,0.0053,-29.4,-35.04,-2.52,,adl
3.003782,0.0457,0.0399,0.1726,-0.0032,0.0005,0.0011,-29.4,-35.04,-2.52,,adl
3.020177,0.0457,0.0399,0.1726,-0.0032,0.0005,0.0011,-29.4,-35.04,-2.52,,adl
3.021165,0.0123,-0.0384,0.163,-0.0032,0.0005,0.0011,-29.4,-35.04,-2.52,,adl
3.023746,0.0123,-0.0384,0.163,0.0,0.0138,-0.0069,-29.4,-35.04,-2.52,,adl
3.040691,0.0123,-0.0384,0.163,0.0,0.0138,-0.0069,-29.4,-35.04,-2.52,,adl
3.041661,-0.0137,-0.0933,0.151,0.0,0.0138,-0.0069,-29.4,-35.04,-2.52,,adl
3.044793,-0.0137,-0.0933,0.151,0.0,0.0138,-0.0069,-29.46,-35.1,-2.4,,adl
3.045739,-0.0137,-0.0933,0.151,-0.0032,0.0138,-0.0059,-29.46,-35.1,-2.4,,adl
3.06081,-0.0137,-0.0933,0.151,-0.0032,0.0138,-0.0059,-29.46,-35.1,-2.4,,adl
3.06164,-0.0324,-0.0684,0.1702,-0.0032,0.0138,-0.0059,-29.46,-35.1,-2.4,,adl
3.064626,-0.0324,-0.0684,0.1702,0.0016,-0.0037,-0.0016,-29.46,-35.1,-2.4,,adl
3.081212,-0.0324,-0.0684,0.1702,0.0016,-0.0037,-0.0016,-29.46,-35.1,-2.4,,adl
3.082284,-0.0067,-0.0179,0.1846,0.0016,-0.0037,-0.0016,-29.46,-35.1,-2.4,,adl
3.085835,-0.0067,-0.0179,0.1846,0.0069,-0.0186,0.0032,-29.46,-35.1,-2.4,,adl
3.10179,-0.0067,-0.0179,0.1846,0.0069,-0.0186,0.0032,-29.46,-35.1,-2.4,,adl
3.102856,0.0015,0.0717,0.1391,0.0069,-0.0186,0.0032,-29.46,-35.1,-2.4,,adl
3.106558,0.0015,0.0717,0.1391,0.0069,-0.0186,0.0032,-29.46,-34.92,-2.1,,adl
3.107372,0.0015,0.0717,0.1391,0.0133,-0.0075,0.0059,-29.46,-34.92,-2.1,,adl
3.122891,0.0015,0.0717,0.1391,0.0133,-0.0075,0.0059,-29.46,-34.92,-2.1,,adl
3.123914,0.024,0.0523,0.1032,0.0133,-0.0075,0.0059,-29.46,-34.92,-2.1,,adl
3.127266,0.024,0.0523,0.1032,-0.0005,0.0064,0.0,-29.46,-34.92,-2.1,,adl
3.142968,0.024,0.0523,0.1032,-0.0005,0.0064,0.0,-29.46,-34.92,-2.1,,adl
3.143766,0.0061,-0.0003,0.1199,-0.0005,0.0064,0.0,-29.46,-34.92,-2.1,,adl
3.147253,0.0061,-0.0003,0.1199,-0.0165,0.0064,-0.0027,-29.46,-34.92,-2.1,,adl
3.163993,0.0061,-0.0003,0.1199,-0.0165,0.0064,-0.0027,-29.46,-34.92,-2.1,,adl
3.164985,-0.0165,-0.0879,0.1654,-0.0165,0.0064,-0.0027,-29.46,-34.92,-2.1,,adl
3.168248,-0.0165,-0.0879,0.1654,-0.0165,0.0064,-0.0027,-29.46,-34.74,-1.68,,adl
3.169125,-0.0165,-0.0879,0.1654,-0.008,0.0048,-0.0043,-29.46,-34.74,-1.68,,adl
3.184821,-0.0165,-0.0879,0.1654,-0.008,0.0048,-0.0043,-29.46,-34.74,-1.68,,adl
3.185988,-0.0442,-0.0835,0.2013,-0.008,0.0048,-0.0043,-29.46,-34.74,-1.68,,adl
3.188103,-0.0442,-0.0835,0.2013,0.0032,0.0021,-0.0005,-29.46,-34.74,-1.68,,adl
3.204716,-0.0442,-0.0835,0.2013,0.0032,0.0021,-0.0005,-29.46,-34.74,-1.68,,adl
3.205636,-0.022,0.0,0.2085,0.0032,0.0021,-0.0005,-29.46,-34.74,-1.68,,adl
3.207884,-0.022,0.0,0.2085,0.0059,-0.0085,0.0032,-29.46,-34.74,-1.68,,adl
3.226123,-0.022,0.0,0.2085,0.0059,-0.0085,0.0032,-29.46,-34.74,-1.68,,adl
3.22698,-0.0045,0.0754,0.1654,0.0059,-0.0085,0.0032,-29.46,-34.74,-1.68,,adl
3.231289,-0.0045,0.0754,0.1654,0.0059,-0.0085,0.0032,-29.1,-34.74,-1.74,,adl
3.232249,-0.0045,0.0754,0.1654,0.0053,-0.0048,0.0048,-29.1,-34.74,-1.74,,adl
3.246551,-0.0045,0.0754,0.1654,0.0053,-0.0048,0.0048,-29.1,-34.74,-1.74,,adl
3.247407,0.0543,0.0575,0.1199,0.0053,-0.0048,0.0048,-29.1,-34.74,-1.74,,adl
3.249125,0.0543,0.0575,0.1199,-0.0005,0.0064,0.0027,-29.1,-34.74,-1.74,,adl
3.2662,0.0543,0.0575,0.1199,-0.0005,0.0064,0.0027,-29.1,-34.74,-1.74,,adl
3.267638,0.0719,0.0333,0.1606,-0.0005,0.0064,0.0027,-29.1,-34.74,-1.74,,adl
3.270292,0.0719,0.0333,0.1606,-0.0075,0.0,-0.0037,-29.1,-34.74,-1.74,,adl
3.286834,0.0719,0.0333,0.1606,-0.0075,0.0,-0.0037,-29.1,-34.74,-1.74,,adl
3.287825,0.0332,-0.0586,0.1678,-0.0075,0.0,-0.0037,-29.1,-34.74,-1.74,,adl
3.290928,0.0332,-0.0586,0.1678,-0.0075,0.0,-0.0037,-29.1,-34.92,-1.68,,adl
3.291767,0.0332,-0.0586,0.1678,-0.0048,-0.0048,-0.0069,-29.1,-34.92,-1.68,,adl
3.307556,0.0332,-0.0586,0.1678,-0.0048,-0.0048,-0.0069,-29.1,-34.92,-1.68,,adl
3.308838,-0.0206,-0.1098,0.1223,-0.0048,-0.0048,-0.0069,-29.1,-34.92,-1.68,,adl
3.311409,-0.0206,-0.1098,0.1223,-0.0005,0.0048,-0.0069,-29.1,-34.92,-1.68,,adl
3.327677,-0.0206,-0.1098,0.1223,-0.0005,0.0048,-0.0069,-29.1,-34.92,-1.68,,adl
3.329156,-0.0696,-0.1152,0.1127,-0.0005,0.0048,-0.0069,-29.1,-34.92,-1.68,,adl
3.331338,-0.0696,-0.1152,0.1127,0.008,0.0133,-0.0048,-29.1,-34.92,-1.68,,adl
3.34895,-0.0696,-0.1152,0.1127,0.008,0.0133,-0.0048,-29.1,-34.92,-1.68,,adl
3.350521,-0.0923,-0.0504,0.1558,0.008,0.0133,-0.0048,-29.1,-34.92,-1.68,,adl
3.352545,-0.0923,-0.0504,0.1558,0.008,0.0133,-0.0048,-28.68,-34.98,-1.68,,adl
3.353353,-0.0923,-0.0504,0.1558,0.0075,0.0107,0.0037,-28.68,-34.98,-1.68,,adl
3.368826,-0.0923,-0.0504,0.1558,0.0075,0.0107,0.0037,-28.68,-34.98,-1.68,,adl
3.370486,-0.0582,0.0373,0.1726,0.0075,0.0107,0.0037,-28.68,-34.98,-1.68,,adl
3.372092,-0.0582,0.0373,0.1726,-0.0027,-0.0053,0.0085,-28.68,-34.98,-1.68,,adl
3.390616,-0.0582,0.0373,0.1726,-0.0027,-0.0053,0.0085,-28.68,-34.98,-1.68,,adl
3.392002,-0.0157,0.0952,0.2181,-0.0027,-0.0053,0.0085,-28.68,-34.98,-1.68,,adl
3.393293,-0.0157,0.0952,0.2181,-0.0016,-0.0234,0.0085,-28.68,-34.98,-1.68,,adl
3.410835,-0.0157,0.0952,0.2181,-0.0016,-0.0234,0.0085,-28.68,-34.98,-1.68,,adl
3.412222,0.0252,0.0762,0.1654,-0.0016,-0.0234,0.0085,-28.68,-34.98,-1.68,,adl
3.414211,0.0252,0.0762,0.1654,-0.0016,-0.0234,0.0085,-28.68,-34.68,-1.86,,adl
3.415007,0.0252,0.0762,0.1654,0.0016,-0.0197,-0.0011,-28.68,-34.68,-1.86,,adl
3.430894,0.0252,0.0762,0.1654,0.0016,-0.0197,-0.0011,-28.68,-34.68,-1.86,,adl
3.432259,0.0165,0.0254,0.0672,0.0016,-0.0197,-0.0011,-28.68,-34.68,-1.86,,adl
3.434679,0.0165,0.0254,0.0672,0.0027,0.008,-0.0032,-28.68,-34.68,-1.86,,adl
3.451099,0.0165,0.0254,0.0672,0.0027,0.008,-0.0032,-28.68,-34.68,-1.86,,adl
3.452617,0.0205,-0.0637,0.1079,0.0027,0.008,-0.0032,-28.68,-34.68,-1.86,,adl
3.454204,0.0205,-0.0637,0.1079,-0.0021,0.0165,-0.0021,-28.68,-34.68,-1.86,,adl
3.471465,0.0205,-0.0637,0.1079,-0.0021,0.0165,-0.0021,-28.68,-34.68,-1.86,,adl
3.472924,0.0142,-0.1037,0.1726,-0.0021,0.0165,-0.0021,-28.68,-34.68,-1.86,,adl
3.47638,0.0142,-0.1037,0.1726,-0.0021,0.0165,-0.0021,-28.5,-34.86,-1.5,,adl
3.477513,0.0142,-0.1037,0.1726,-0.0021,-0.0075,0.0048,-28.5,-34.86,-1.5,,adl
3.491944,0.0142,-0.1037,0.1726,-0.0021,-0.0075,0.0048,-28.5,-34.86,-1.5,,adl
3.493181,0.0532,-0.0836,0.1893,-0.0021,-0.0075,0.0048,-28.5,-34.86,-1.5,,adl
3.495178,0.0532,-0.0836,0.1893,0.0011,-0.0186,0.0101,-28.5,-34.86,-1.5,,adl
3.51238,0.0532,-0.0836,0.1893,0.0011,-0.0186,0.0101,-28.5,-34.86,-1.5,,adl
3.513741,0.0635,-0.014,0.1773,0.0011,-0.0186,0.0101,-28.5,-34.86,-1.5,,adl
3.51591,0.0635,-0.014,0.1773,0.0059,-0.0059,0.0037,-28.5,-34.86,-1.5,,adl
3.534172,0.0635,-0.014,0.1773,0.0059,-0.0059,0.0037,-28.5,-34.86,-1.5,,adl
3.535643,0.05,0.04,0.1534,0.0059,-0.0059,0.0037,-28.5,-34.86,-1.5,,adl
3.538057,0.05,0.04,0.1534,0.0059,-0.0059,0.0037,-28.56,-34.26,-1.32,,adl
3.538903,0.05,0.04,0.1534,0.0101,0.0213,-0.0059,-28.56,-34.26,-1.32,,adl
3.553634,0.05,0.04,0.1534,0.0101,0.0213,-0.0059,-28.56,-34.26,-1.32,,adl
3.555165,0.0014,0.0667,0.1606,0.0101,0.0213,-0.0059,-28.56,-34.26,-1.32,,adl
3.557729,0.0014,0.0667,0.1606,0.0091,0.0272,-0.0085,-28.56,-34.26,-1.32,,adl
3.574146,0.0014,0.0667,0.1606,0.0091,0.0272,-0.0085,-28.56,-34.26,-1.32,,adl
3.575674,-0.0506,0.0289,0.1798,0.0091,0.0272,-0.0085,-28.56,-34.26,-1.32,,adl
3.577744,-0.0506,0.0289,0.1798,0.0064,0.0053,-0.008,-28.56,-34.26,-1.32,,adl
3.594734,-0.0506,0.0289,0.1798,0.0064,0.0053,-0.008,-28.56,-34.26,-1.32,,adl
3.596217,-0.0591,-0.0083,0.1535,0.0064,0.0053,-0.008,-28.56,-34.26,-1.32,,adl
3.59889,-0.0591,-0.0083,0.1535,0.0011,-0.025,-0.0048,-28.56,-34.26,-1.32,,adl
3.599688,-0.0591,-0.0083,0.1535,0.0011,-0.025,-0.0048,-29.1,-34.2,-0.96,,adl
3.615303,-0.0591,-0.0083,0.1535,0.0011,-0.025,-0.0048,-29.1,-34.2,-0.96,,adl
3.61677,-0.0114,-0.0348,0.1151,0.0011,-0.025,-0.0048,-29.1,-34.2,-0.96,,adl
3.618428,-0.0114,-0.0348,0.1151,0.0032,-0.017,0.0011,-29.1,-34.2,-0.96,,adl
3.635751,-0.0114,-0.0348,0.1151,0.0032,-0.017,0.0011,-29.1,-34.2,-0.96,,adl
3.637219,-0.01,-0.021,0.0936,0.0032,-0.017,0.0011,-29.1,-34.2,-0.96,,adl
3.639114,-0.01,-0.021,0.0936,0.0053,0.0186,0.0037,-29.1,-34.2,-0.96,,adl
3.656171,-0.01,-0.021,0.0936,0.0053,0.0186,0.0037,-29.1,-34.2,-0.96,,adl
3.65747,-0.0014,-0.0053,0.1103,0.0053,0.0186,0.0037,-29.1,-34.2,-0.96,,adl
3.661445,-0.0014,-0.0053,0.1103,0.0053,0.0186,0.0037,-29.16,-34.62,-1.26,,adl
3.662891,-0.0014,-0.0053,0.1103,-0.0032,0.0399,0.0048,-29.16,-34.62,-1.26,,adl
3.676945,-0.0014,-0.0053,0.1103,-0.0032,0.0399,0.0048,-29.16,-34.62,-1.26,,adl
3.678599,-0.0412,0.0026,0.1774,-0.0032,0.0399,0.0048,-29.16,-34.62,-1.26,,adl
3.681213,-0.0412,0.0026,0.1774,-0.0075,0.008,0.0011,-29.16,-34.62,-1.26,,adl
3.697479,-0.0412,0.0026,0.1774,-0.0075,0.008,0.0011,-29.16,-34.62,-1.26,,adl
3.699026,-0.0896,-0.0222,0.1894,-0.0075,0.008,0.0011,-29.16,-34.62,-1.26,,adl
3.702812,-0.0896,-0.0222,0.1894,-0.0043,-0.033,-0.0021,-29.16,-34.62,-1.26,,adl
3.718172,-0.0896,-0.0222,0.1894,-0.0043,-0.033,-0.0021,-29.16,-34.62,-1.26,,adl
3.719741,-0.0741,-0.0474,0.175,-0.0043,-0.033,-0.0021,-29.16,-34.62,-1.26,,adl
3.722064,-0.0741,-0.0474,0.175,-0.0043,-0.033,-0.0021,-29.1,-34.56,-1.62,,adl
3.722864,-0.0741,-0.0474,0.175,0.0053,-0.0309,-0.0027,-29.1,-34.56,-1.62,,adl
3.738447,-0.0741,-0.0474,0.175,0.0053,-0.0309,-0.0027,-29.1,-34.56,-1.62,,adl
3.739743,-0.0056,-0.0266,0.1606,0.0053,-0.0309,-0.0027,-29.1,-34.56,-1.62,,adl
3.746346,-0.0056,-0.0266,0.1606,0.0112,-0.0021,0.0,-29.1,-34.56,-1.62,,adl
3.759175,-0.0056,-0.0266,0.1606,0.0112,-0.0021,0.0,-29.1,-34.56,-1.62,,adl
3.76049,0.0444,0.0143,0.1367,0.0112,-0.0021,0.0,-29.1,-34.56,-1.62,,adl
3.762382,0.0444,0.0143,0.1367,0.0048,0.0112,0.0053,-29.1,-34.56,-1.62,,adl
3.779064,0.0444,0.0143,0.1367,0.0048,0.0112,0.0053,-29.1,-34.56,-1.62,,adl
3.780459,0.0705,0.0038,0.1271,0.0048,0.0112,0.0053,-29.1,-34.56,-1.62,,adl
3.784338,0.0705,0.0038,0.1271,0.0048,0.0112,0.0053,-29.16,-35.1,-1.44,,adl
3.785434,0.0705,0.0038,0.1271,-0.0037,0.0154,0.0053,-29.16,-35.1,-1.44,,adl
3.800127,0.0705,0.0038,0.1271,-0.0037,0.0154,0.0053,-29.16,-35.1,-1.44,,adl
3.801661,0.0567,-0.0026,0.1319,-0.0037,0.0154,0.0053,-29.16,-35.1,-1.44,,adl
3.804511,0.0567,-0.0026,0.1319,-0.0043,-0.0032,-0.0016,-29.16,-35.1,-1.44,,adl
3.820976,0.0567,-0.0026,0.1319,-0.0043,-0.0032,-0.0016,-29.16,-35.1,-1.44,,adl
3.822607,0.0032,-0.0041,0.1654,-0.0043,-0.0032,-0.0016,-29.16,-35.1,-1.44,,adl
3.823608,0.0032,-0.0041,0.1654,-0.0016,-0.017,-0.0005,-29.16,-35.1,-1.44,,adl
3.842131,0.0032,-0.0041,0.1654,-0.0016,-0.017,-0.0005,-29.16,-35.1,-1.44,,adl
3.843592,-0.0098,-0.0061,0.1343,-0.0016,-0.017,-0.0005,-29.16,-35.1,-1.44,,adl
3.846366,-0.0098,-0.0061,0.1343,-0.0016,-0.017,-0.0005,-28.98,-35.22,-1.8,,adl
3.847267,-0.0098,-0.0061,0.1343,0.0011,0.0037,0.0021,-28.98,-35.22,-1.8,,adl
3.862208,-0.0098,-0.0061,0.1343,0.0011,0.0037,0.0021,-28.98,-35.22,-1.8,,adl
3.863747,-0.0091,-0.0064,0.1678,0.0011,0.0037,0.0021,-28.98,-35.22,-1.8,,adl
3.866034,-0.0091,-0.0064,0.1678,0.0005,0.0123,0.0005,-28.98,-35.22,-1.8,,adl
3.882486,-0.0091,-0.0064,0.1678,0.0005,0.0123,0.0005,-28.98,-35.22,-1.8,,adl
3.884126,0.0006,0.0175,0.2109,0.0005,0.0123,0.0005,-28.98,-35.22,-1.8,,adl
3.885452,0.0006,0.0175,0.2109,0.0053,0.0016,0.0016,-28.98,-35.22,-1.8,,adl
3.902783,0.0006,0.0175,0.2109,0.0053,0.0016,0.0016,-28.98,-35.22,-1.8,,adl
3.90403,0.0296,0.0044,0.1702,0.0053,0.0016,0.0016,-28.98,-35.22,-1.8,,adl
3.906527,0.0296,0.0044,0.1702,0.0053,0.0016,0.0016,-28.68,-35.1,-1.56,,adl
3.907304,0.0296,0.0044,0.1702,0.0101,-0.0053,-0.0021,-28.68,-35.1,-1.56,,adl
3.92259,0.0296,0.0044,0.1702,0.0101,-0.0053,-0.0021,-28.68,-35.1,-1.56,,adl
3.923772,0.014,-0.0549,0.1104,0.0101,-0.0053,-0.0021,-28.68,-35.1,-1.56,,adl
3.926496,0.014,-0.0549,0.1104,-0.0021,-0.0016,0.0,-28.68,-35.1,-1.56,,adl
3.94338,0.014,-0.0549,0.1104,-0.0021,-0.0016,0.0,-28.68,-35.1,-1.56,,adl
3.944638,0.0016,-0.054,0.1271,-0.0021,-0.0016,0.0,-28.68,-35.1,-1.56,,adl
3.946695,0.0016,-0.054,0.1271,-0.0075,0.0186,0.0032,-28.68,-35.1,-1.56,,adl
3.964657,0.0016,-0.054,0.1271,-0.0075,0.0186,0.0032,-28.68,-35.1,-1.56,,adl
3.966022,-0.0067,-0.0306,0.1247,-0.0075,0.0186,0.0032,-28.68,-35.1,-1.56,,adl
3.968203,-0.0067,-0.0306,0.1247,-0.0075,0.0186,0.0032,-28.62,-35.04,-1.14,,adl
3.969096,-0.0067,-0.0306,0.1247,-0.0117,0.0202,0.0053,-28.62,-35.04,-1.14,,adl
3.985343,-0.0067,-0.0306,0.1247,-0.0117,0.0202,0.0053,-28.62,-35.04,-1.14,,adl
3.986794,-0.0123,0.0125,0.163,-0.0117,0.0202,0.0053,-28.62,-35.04,-1.14,,adl
3.988731,-0.0123,0.0125,0.163,-0.0059,-0.0005,0.0032,-28.62,-35.04,-1.14,,adl
4.005748,-0.0123,0.0125,0.163,-0.0059,-0.0005,0.0032,-28.62,-35.04,-1.14,,adl
4.007111,-0.0363,0.0305,0.2157,-0.0059,-0.0005,0.0032,-28.62,-35.04,-1.14,,adl
4.010142,-0.0363,0.0305,0.2157,0.0107,-0.017,-0.0005,-28.62,-35.04,-1.14,,adl
4.025756,-0.0363,0.0305,0.2157,0.0107,-0.017,-0.0005,-28.62,-35.04,-1.14,,adl
4.027038,-0.0301,0.0427,0.2109,0.0107,-0.017,-0.0005,-28.62,-35.04,-1.14,,adl
4.030161,-0.0301,0.0427,0.2109,0.0107,-0.017,-0.0005,-29.1,-35.04,-1.86,,adl
4.030952,-0.0301,0.0427,0.2109,0.0107,-0.0053,-0.0059,-29.1,-35.04,-1.86,,adl
4.046095,-0.0301,0.0427,0.2109,0.0107,-0.0053,-0.0059,-29.1,-35.04,-1.86,,adl
4.04745,-0.0144,-0.0026,0.1559,0.0107,-0.0053,-0.0059,-29.1,-35.04,-1.86,,adl
4.050479,-0.0144,-0.0026,0.1559,0.0037,0.0213,-0.0032,-29.1,-35.04,-1.86,,adl
4.065936,-0.0144,-0.0026,0.1559,0.0037,0.0213,-0.0032,-29.1,-35.04,-1.86,,adl
4.066372,0.0043,-0.0273,0.1319,0.0037,0.0213,-0.0032,-29.1,-35.04,-1.86,,adl
4.069651,0.0043,-0.0273,0.1319,-0.0059,0.0096,0.0021,-29.1,-35.04,-1.86,,adl
4.087316,0.0043,-0.0273,0.1319,-0.0059,0.0096,0.0021,-29.1,-35.04,-1.86,,adl
4.087922,0.0086,-0.0332,0.1056,-0.0059,0.0096,0.0021,-29.1,-35.04,-1.86,,adl
4.091213,0.0086,-0.0332,0.1056,-0.0059,0.0096,0.0021,-28.86,-35.04,-2.04,,adl
4.091716,0.0086,-0.0332,0.1056,-0.0053,-0.0224,0.0053,-28.86,-35.04,-2.04,,adl
4.109507,0.0086,-0.0332,0.1056,-0.0053,-0.0224,0.0053,-28.86,-35.04,-2.04,,adl
4.110572,-0.0102,-0.0154,0.0792,-0.0053,-0.0224,0.0053,-28.86,-35.04,-2.04,,adl
4.111202,-0.0102,-0.0154,0.0792,-0.0005,-0.0186,0.0021,-28.86,-35.04,-2.04,,adl
4.127727,-0.0102,-0.0154,0.0792,-0.0005,-0.0186,0.0021,-28.86,-35.04,-2.04,,adl
4.128536,-0.0139,-0.02,0.1798,-0.0005,-0.0186,0.0021,-28.86,-35.04,-2.04,,adl
4.131599,-0.0139,-0.02,0.1798,0.0043,0.0053,-0.0027,-28.86,-35.04,-2.04,,adl
4.148474,-0.0139,-0.02,0.1798,0.0043,0.0053,-0.0027,-28.86,-35.04,-2.04,,adl
4.149597,-0.0128,-0.0351,0.242,0.0043,0.0053,-0.0027,-28.86,-35.04,-2.04,,adl
4.152428,-0.0128,-0.0351,0.242,0.0043,0.0053,-0.0027,-28.92,-34.8,-1.86,,adl
4.153153,-0.0128,-0.0351,0.242,0.0117,0.0069,-0.0064,-28.92,-34.8,-1.86,,adl
4.168861,-0.0128,-0.0351,0.242,0.0117,0.0069,-0.0064,-28.92,-34.8,-1.86,,adl
4.169731,0.003,-0.042,0.1726,0.0117,0.0069,-0.0064,-28.92,-34.8,-1.86,,adl
4.172683,0.003,-0.042,0.1726,0.0032,-0.0059,-0.0011,-28.92,-34.8,-1.86,,adl
4.18971,0.003,-0.042,0.1726,0.0032,-0.0059,-0.0011,-28.92,-34.8,-1.86,,adl
4.190958,0.0305,-0.0304,0.1175,0.0032,-0.0059,-0.0011,-28.92,-34.8,-1.86,,adl
4.19404,0.0305,-0.0304,0.1175,-0.0027,0.0021,0.0037,-28.92,-34.8,-1.86,,adl
4.209696,0.0305,-0.0304,0.1175,-0.0027,0.0021,0.0037,-28.92,-34.8,-1.86,,adl
4.210481,0.007,-0.0081,0.1391,-0.0027,0.0021,0.0037,-28.92,-34.8,-1.86,,adl
4.214924,0.007,-0.0081,0.1391,-0.0027,0.0021,0.0037,-29.28,-34.86,-2.16,,adl
4.215466,0.007,-0.0081,0.1391,0.0,0.0059,0.0,-29.28,-34.86,-2.16,,adl
4.230539,0.007,-0.0081,0.1391,0.0,0.0059,0.0,-29.28,-34.86,-2.16,,adl
4.231181,-0.0301,0.0207,0.1295,0.0,0.0059,0.0,-29.28,-34.86,-2.16,,adl
4.234287,-0.0301,0.0207,0.1295,0.0016,-0.0064,-0.0005,-29.28,-34.86,-2.16,,adl
4.251113,-0.0301,0.0207,0.1295,0.0016,-0.0064,-0.0005,-29.28,-34.86,-2.16,,adl
4.251917,-0.0337,0.0109,0.1559,0.0016,-0.0064,-0.0005,-29.28,-34.86,-2.16,,adl
4.254873,-0.0337,0.0109,0.1559,0.0005,-0.0101,0.0016,-29.28,-34.86,-2.16,,adl
4.27196,-0.0337,0.0109,0.1559,0.0005,-0.0101,0.0016,-29.28,-34.86,-2.16,,adl
4.272978,-0.0236,0.0036,0.1606,0.0005,-0.0101,0.0016,-29.28,-34.86,-2.16,,adl
4.275904,-0.0236,0.0036,0.1606,0.0005,-0.0101,0.0016,-29.1,-34.62,-1.86,,adl
4.276803,-0.0236,0.0036,0.1606,0.0037,-0.0005,-0.0016,-29.1,-34.62,-1.86,,adl
4.29283,-0.0236,0.0036,0.1606,0.0037,-0.0005,-0.0016,-29.1,-34.62,-1.86,,adl
4.294063,0.0026,-0.0043,0.1391,0.0037,-0.0005,-0.0016,-29.1,-34.62,-1.86,,adl
4.296629,0.0026,-0.0043,0.1391,0.0,-0.0027,-0.0021,-29.1,-34.62,-1.86,,adl
4.313637,0.0026,-0.0043,0.1391,0.0,-0.0027,-0.0021,-29.1,-34.62,-1.86,,adl
4.315081,0.0308,0.0029,0.1343,0.0,-0.0027,-0.0021,-29.1,-34.62,-1.86,,adl
4.317671,0.0308,0.0029,0.1343,0.0,-0.0064,-0.0027,-29.1,-34.62,-1.86,,adl
4.334258,0.0308,0.0029,0.1343,0.0,-0.0064,-0.0027,-29.1,-34.62,-1.86,,adl
4.335667,0.0152,-0.0043,0.1654,0.0,-0.0064,-0.0027,-29.1,-34.62,-1.86,,adl
4.33855,0.0152,-0.0043,0.1654,0.0,-0.0064,-0.0027,-28.86,-34.62,-1.62,,adl
4.339246,0.0152,-0.0043,0.1654,0.0043,0.0016,-0.0021,-28.86,-34.62,-1.62,,adl
4.354987,0.0152,-0.0043,0.1654,0.0043,0.0016,-0.0021,-28.86,-34.62,-1.62,,adl
4.356281,0.0298,0.002,0.1511,0.0043,0.0016,-0.0021,-28.86,-34.62,-1.62,,adl
4.358116,0.0298,0.002,0.1511,0.0011,0.0059,-0.0011,-28.86,-34.62,-1.62,,adl
4.374925,0.0298,0.002,0.1511,0.0011,0.0059,-0.0011,-28.86,-34.62,-1.62,,adl
4.376364,0.0023,0.0066,0.1511,0.0011,0.0059,-0.0011,-28.86,-34.62,-1.62,,adl
4.379092,0.0023,0.0066,0.1511,0.0011,0.0027,-0.0027,-28.86,-34.62,-1.62,,adl
4.395036,0.0023,0.0066,0.1511,0.0011,0.0027,-0.0027,-28.86,-34.62,-1.62,,adl
4.396095,-0.0451,-0.0104,0.1606,0.0011,0.0027,-0.0027,-28.86,-34.62,-1.62,,adl
4.398749,-0.0451,-0.0104,0.1606,0.0011,0.0027,-0.0027,-29.1,-35.34,-1.74,,adl
4.399291,-0.0451,-0.0104,0.1606,0.0064,-0.0016,-0.0027,-29.1,-35.34,-1.74,,adl
4.416539,-0.0451,-0.0104,0.1606,0.0064,-0.0016,-0.0027,-29.1,-35.34,-1.74,,adl
4.418215,-0.0261,-0.0545,0.1128,0.0064,-0.0016,-0.0027,-29.1,-35.34,-1.74,,adl
4.419249,-0.0261,-0.0545,0.1128,0.0016,-0.0043,-0.0027,-29.1,-35.34,-1.74,,adl
4.436195,-0.0261,-0.0545,0.1128,0.0016,-0.0043,-0.0027,-29.1,-35.34,-1.74,,adl
4.437391,0.0091,-0.0899,0.1415,0.0016,-0.0043,-0.0027,-29.1,-35.34,-1.74,,adl
4.440426,0.0091,-0.0899,0.1415,-0.0037,-0.0091,0.0,-29.1,-35.34,-1.74,,adl
4.457067,0.0091,-0.0899,0.1415,-0.0037,-0.0091,0.0,-29.1,-35.34,-1.74,,adl
4.458443,-0.0022,-0.0358,0.2085,-0.0037,-0.0091,0.0,-29.1,-35.34,-1.74,,adl
4.461514,-0.0022,-0.0358,0.2085,-0.0037,-0.0091,0.0,-28.92,-35.4,-1.56,,adl
4.462386,-0.0022,-0.0358,0.2085,0.0027,-0.0112,0.0005,-28.92,-35.4,-1.56,,adl
4.477222,-0.0022,-0.0358,0.2085,0.0027,-0.0112,0.0005,-28.92,-35.4,-1.56,,adl
4.47887,-0.0068,0.0572,0.1702,0.0027,-0.0112,0.0005,-28.92,-35.4,-1.56,,adl
4.480079,-0.0068,0.0572,0.1702,0.0154,-0.0016,-0.0059,-28.92,-35.4,-1.56,,adl
4.498187,-0.0068,0.0572,0.1702,0.0154,-0.0016,-0.0059,-28.92,-35.4,-1.56,,adl
4.500134,-0.0071,0.0779,0.0864,0.0154,-0.0016,-0.0059,-28.92,-35.4,-1.56,,adl
4.501473,-0.0071,0.0779,0.0864,0.0032,0.0144,-0.0112,-28.92,-35.4,-1.56,,adl
4.519787,-0.0071,0.0779,0.0864,0.0032,0.0144,-0.0112,-28.92,-35.4,-1.56,,adl
4.521221,-0.0257,0.0317,0.1008,0.0032,0.0144,-0.0112,-28.92,-35.4,-1.56,,adl
4.522636,-0.0257,0.0317,0.1008,0.0032,0.0144,-0.0112,-28.68,-34.98,-1.08,,adl
4.523514,-0.0257,0.0317,0.1008,-0.0085,0.0192,-0.0091,-28.68,-34.98,-1.08,,adl
4.538678,-0.0257,0.0317,0.1008,-0.0085,0.0192,-0.0091,-28.68,-34.98,-1.08,,adl
4.539974,-0.0504,-0.0647,0.1415,-0.0085,0.0192,-0.0091,-28.68,-34.98,-1.08,,adl
4.542812,-0.0504,-0.0647,0.1415,-0.0075,0.0107,-0.0053,-28.68,-34.98,-1.08,,adl
4.559695,-0.0504,-0.0647,0.1415,-0.0075,0.0107,-0.0053,-28.68,-34.98,-1.08,,adl
4.56112,-0.0762,-0.1055,0.1487,-0.0075,0.0107,-0.0053,-28.68,-34.98,-1.08,,adl
4.562762,-0.0762,-0.1055,0.1487,-0.0048,-0.0112,0.0069,-28.68,-34.98,-1.08,,adl
4.580037,-0.0762,-0.1055,0.1487,-0.0048,-0.0112,0.0069,-28.68,-34.98,-1.08,,adl
4.581424,-0.061,-0.0798,0.1463,-0.0048,-0.0112,0.0069,-28.68,-34.98,-1.08,,adl
4.585049,-0.061,-0.0798,0.1463,-0.0048,-0.0112,0.0069,-29.16,-34.86,-0.72,,adl
4.586444,-0.061,-0.0798,0.1463,0.0016,-0.0229,0.0101,-29.16,-34.86,-0.72,,adl
4.601438,-0.061,-0.0798,0.1463,0.0016,-0.0229,0.0101,-29.16,-34.86,-0.72,,adl
4.602552,0.0066,-0.0126,0.1319,0.0016,-0.0229,0.0101,-29.16,-34.86,-0.72,,adl
4.605176,0.0066,-0.0126,0.1319,0.0043,-0.0256,0.0085,-29.16,-34.86,-0.72,,adl
4.621007,0.0066,-0.0126,0.1319,0.0043,-0.0256,0.0085,-29.16,-34.86,-0.72,,adl
4.622572,0.0279,0.0488,0.1439,0.0043,-0.0256,0.0085,-29.16,-34.86,-0.72,,adl
4.624679,0.0279,0.0488,0.1439,0.0,-0.0021,0.0053,-29.16,-34.86,-0.72,,adl
4.64156,0.0279,0.0488,0.1439,0.0,-0.0021,0.0053,-29.16,-34.86,-0.72,,adl
4.643196,0.0658,0.0512,0.175,0.0,-0.0021,0.0053,-29.16,-34.86,-0.72,,adl
4.6455,0.0658,0.0512,0.175,0.0,-0.0021,0.0053,-28.56,-34.14,-0.78,,adl
4.646355,0.0658,0.0512,0.175,-0.0021,0.0149,0.0032,-28.56,-34.14,-0.78,,adl
4.66272,0.0658,0.0512,0.175,-0.0021,0.0149,0.0032,-28.56,-34.14,-0.78,,adl
4.664147,0.09,0.0539,0.1678,-0.0021,0.0149,0.0032,-28.56,-34.14,-0.78,,adl
4.665571,0.09,0.0539,0.1678,0.0011,0.0053,0.0005,-28.56,-34.14,-0.78,,adl
4.68195,0.09,0.0539,0.1678,0.0011,0.0053,0.0005,-28.56,-34.14,-0.78,,adl
4.683176,0.0786,-0.0111,0.1008,0.0011,0.0053,0.0005,-28.56,-34.14,-0.78,,adl
4.686053,0.0786,-0.0111,0.1008,0.0005,-0.0064,-0.0032,-28.56,-34.14,-0.78,,adl
4.703395,0.0786,-0.0111,0.1008,0.0005,-0.0064,-0.0032,-28.56,-34.14,-0.78,,adl
4.704759,0.0451,-0.0779,0.1008,0.0005,-0.0064,-0.0032,-28.56,-34.14,-0.78,,adl
4.708508,0.0451,-0.0779,0.1008,0.0005,-0.0064,-0.0032,-28.62,-34.32,-0.66,,adl
4.709407,0.0451,-0.0779,0.1008,0.0021,-0.0011,-0.0101,-28.62,-34.32,-0.66,,adl
4.723471,0.0451,-0.0779,0.1008,0.0021,-0.0011,-0.0101,-28.62,-34.32,-0.66,,adl
4.724848,-0.0204,-0.0776,0.151,0.0021,-0.0011,-0.0101,-28.62,-34.32,-0.66,,adl
4.726974,-0.0204,-0.0776,0.151,0.0027,0.0101,-0.0101,-28.62,-34.32,-0.66,,adl
4.744084,-0.0204,-0.0776,0.151,0.0027,0.0101,-0.0101,-28.62,-34.32,-0.66,,adl
4.745518,-0.102,-0.0011,0.1654,0.0027,0.0101,-0.0101,-28.62,-34.32,-0.66,,adl
4.747499,-0.102,-0.0011,0.1654,-0.0027,0.0224,-0.0043,-28.62,-34.32,-0.66,,adl
4.76452,-0.102,-0.0011,0.1654,-0.0027,0.0224,-0.0043,-28.62,-34.32,-0.66,,adl
4.766085,-0.0901,0.0855,0.175,-0.0027,0.0224,-0.0043,-28.62,-34.32,-0.66,,adl
4.768952,-0.0901,0.0855,0.175,-0.0027,0.0224,-0.0043,-28.56,-34.68,-0.9,,adl
4.770347,-0.0901,0.0855,0.175,-0.0048,0.0277,-0.0005,-28.56,-34.68,-0.9,,adl
4.787275,-0.0901,0.0855,0.175,-0.0048,0.0277,-0.0005,-28.56,-34.68,-0.9,,adl
4.787843,-0.1078,0.0837,0.2014,-0.0048,0.0277,-0.0005,-28.56,-34.68,-0.9,,adl
4.790749,-0.1078,0.0837,0.2014,0.0043,-0.0011,0.0032,-28.56,-34.68,-0.9,,adl
4.80618,-0.1078,0.0837,0.2014,0.0043,-0.0011,0.0032,-28.56,-34.68,-0.9,,adl
4.807727,-0.0832,0.0273,0.1248,0.0043,-0.0011,0.0032,-28.56,-34.68,-0.9,,adl
4.809043,-0.0832,0.0273,0.1248,0.0027,-0.0293,0.0048,-28.56,-34.68,-0.9,,adl
4.826358,-0.0832,0.0273,0.1248,0.0027,-0.0293,0.0048,-28.56,-34.68,-0.9,,adl
4.827798,-0.0047,-0.0308,0.0792,0.0027,-0.0293,0.0048,-28.56,-34.68,-0.9,,adl
4.830303,-0.0047,-0.0308,0.0792,0.0027,-0.0293,0.0048,-28.5,-35.1,-1.14,,adl
4.831155,-0.0047,-0.0308,0.0792,-0.0085,-0.0229,0.0011,-28.5,-35.1,-1.14,,adl
4.846853,-0.0047,-0.0308,0.0792,-0.0085,-0.0229,0.0011,-28.5,-35.1,-1.14,,adl
4.848355,0.0483,-0.0888,0.1343,-0.0085,-0.0229,0.0011,-28.5,-35.1,-1.14,,adl
4.851787,0.0483,-0.0888,0.1343,-0.0085,-0.0064,0.0016,-28.5,-35.1,-1.14,,adl
4.869758,0.0483,-0.0888,0.1343,-0.0085,-0.0064,0.0016,-28.5,-35.1,-1.14,,adl
4.87124,0.0853,-0.1034,0.1606,-0.0085,-0.0064,0.0016,-28.5,-35.1,-1.14,,adl
4.872385,0.0853,-0.1034,0.1606,0.0,-0.0053,0.0032,-28.5,-35.1,-1.14,,adl
4.888873,0.0853,-0.1034,0.1606,0.0,-0.0053,0.0032,-28.5,-35.1,-1.14,,adl
4.890207,0.1076,-0.0692,0.1462,0.0,-0.0053,0.0032,-28.5,-35.1,-1.14,,adl
4.891854,0.1076,-0.0692,0.1462,0.0,-0.0053,0.0032,-29.04,-35.22,-0.96,,adl
4.892401,0.1076,-0.0692,0.1462,0.0027,-0.0101,-0.0005,-29.04,-35.22,-0.96,,adl
4.908054,0.1076,-0.0692,0.1462,0.0027,-0.0101,-0.0005,-29.04,-35.22,-0.96,,adl
4.908616,0.0589,-0.0206,0.1726,0.0027,-0.0101,-0.0005,-29.04,-35.22,-0.96,,adl
4.915036,0.0589,-0.0206,0.1726,0.0027,0.0101,0.0,-29.04,-35.22,-0.96,,adl
4.928074,0.0589,-0.0206,0.1726,0.0027,0.0101,0.0,-29.04,-35.22,-0.96,,adl
4.928606,0.0076,0.0225,0.1414,0.0027,0.0101,0.0,-29.04,-35.22,-0.96,,adl
4.931676,0.0076,0.0225,0.1414,0.0048,0.0383,-0.0032,-29.04,-35.22,-0.96,,adl
4.94868,0.0076,0.0225,0.1414,0.0048,0.0383,-0.0032,-29.04,-35.22,-0.96,,adl
4.949274,-0.0494,0.0263,0.1654,0.0048,0.0383,-0.0032,-29.04,-35.22,-0.96,,adl
4.953153,-0.0494,0.0263,0.1654,0.0048,0.0383,-0.0032,-28.8,-34.92,-1.26,,adl
4.953461,-0.0494,0.0263,0.1654,0.0043,0.0224,-0.0005,-28.8,-34.92,-1.26,,adl
4.970079,-0.0494,0.0263,0.1654,0.0043,0.0224,-0.0005,-28.8,-34.92,-1.26,,adl
4.970772,-0.0736,-0.0032,0.1271,0.0043,0.0224,-0.0005,-28.8,-34.92,-1.26,,adl
4.972753,-0.0736,-0.0032,0.1271,0.0,-0.0138,0.0016,-28.8,-34.92,-1.26,,adl
4.98936,-0.0736,-0.0032,0.1271,0.0,-0.0138,0.0016,-28.8,-34.92,-1.26,,adl
4.989785,-0.0308,-0.0557,0.1319,0.0,-0.0138,0.0016,-28.8,-34.92,-1.26,,adl
4.993185,-0.0308,-0.0557,0.1319,0.0016,-0.0234,0.0027,-28.8,-34.92,-1.26,,adl
5.010099,-0.0308,-0.0557,0.1319,0.0016,-0.0234,0.0027,-28.8,-34.92,-1.26,,adl
5.010597,-0.021,-0.02,0.1606,0.0016,-0.0234,0.0027,-28.8,-34.92,-1.26,,adl
5.014431,-0.021,-0.02,0.1606,0.0016,-0.0234,0.0027,-28.86,-35.28,-1.62,,adl
5.014778,-0.021,-0.02,0.1606,0.0053,-0.0208,0.0037,-28.86,-35.28,-1.62,,adl
5.031136,-0.021,-0.02,0.1606,0.0053,-0.0208,0.0037,-28.86,-35.28,-1.62,,adl
5.031885,0.0012,0.0149,0.1678,0.0053,-0.0208,0.0037,-28.86,-35.28,-1.62,,adl
5.034956,0.0012,0.0149,0.1678,0.0027,-0.0096,0.0059,-28.86,-35.28,-1.62,,adl
5.052849,0.0012,0.0149,0.1678,0.0027,-0.0096,0.0059,-28.86,-35.28,-1.62,,adl
5.053977,0.0232,0.0335,0.1606,0.0027,-0.0096,0.0059,-28.86,-35.28,-1.62,,adl
5.055342,0.0232,0.0335,0.1606,0.0048,0.0085,0.0016,-28.86,-35.28,-1.62,,adl
5.073071,0.0232,0.0335,0.1606,0.0048,0.0085,0.0016,-28.86,-35.28,-1.62,,adl
5.074107,0.0393,0.0278,0.1271,0.0048,0.0085,0.0016,-28.86,-35.28,-1.62,,adl
5.07675,0.0393,0.0278,0.1271,0.0048,0.0085,0.0016,-28.92,-35.16,-2.1,,adl
5.077226,0.0393,0.0278,0.1271,0.0037,0.0229,-0.0048,-28.92,-35.16,-2.1,,adl
5.093006,0.0393,0.0278,0.1271,0.0037,0.0229,-0.0048,-28.92,-35.16,-2.1,,adl
5.093782,0.0056,0.0079,0.0912,0.0037,0.0229,-0.0048,-28.92,-35.16,-2.1,,adl
5.096724,0.0056,0.0079,0.0912,0.0011,0.0181,-0.0069,-28.92,-35.16,-2.1,,adl
5.112696,0.0056,0.0079,0.0912,0.0011,0.0181,-0.0069,-28.92,-35.16,-2.1,,adl
5.113753,-0.0243,-0.0282,0.1367,0.0011,0.0181,-0.0069,-28.92,-35.16,-2.1,,adl
5.117115,-0.0243,-0.0282,0.1367,-0.0043,-0.0027,-0.0037,-28.92,-35.16,-2.1,,adl
5.134714,-0.0243,-0.0282,0.1367,-0.0043,-0.0027,-0.0037,-28.92,-35.16,-2.1,,adl
5.135787,-0.0534,-0.0464,0.1918,-0.0043,-0.0027,-0.0037,-28.92,-35.16,-2.1,,adl
5.138201,-0.0534,-0.0464,0.1918,-0.0043,-0.0027,-0.0037,-28.74,-35.1,-2.4,,adl
5.138803,-0.0534,-0.0464,0.1918,-0.0048,-0.0266,0.0016,-28.74,-35.1,-2.4,,adl
5.154782,-0.0534,-0.0464,0.1918,-0.0048,-0.0266,0.0016,-28.74,-35.1,-2.4,,adl
5.156048,-0.0514,-0.0166,0.1654,-0.0048,-0.0266,0.0016,-28.74,-35.1,-2.4,,adl
5.158409,-0.0514,-0.0166,0.1654,0.0053,-0.017,0.0069,-28.74,-35.1,-2.4,,adl
5.176106,-0.0514,-0.0166,0.1654,0.0053,-0.017,0.0069,-28.74,-35.1,-2.4,,adl
5.1772,-0.0044,-0.008,0.1367,0.0053,-0.017,0.0069,-28.74,-35.1,-2.4,,adl
5.178709,-0.0044,-0.008,0.1367,0.0091,0.0117,0.0037,-28.74,-35.1,-2.4,,adl
5.195736,-0.0044,-0.008,0.1367,0.0091,0.0117,0.0037,-28.74,-35.1,-2.4,,adl
5.196919,0.01,0.007,0.1463,0.0091,0.0117,0.0037,-28.74,-35.1,-2.4,,adl
5.200533,0.01,0.007,0.1463,0.0091,0.0117,0.0037,-29.22,-35.16,-2.4,,adl
5.201209,0.01,0.007,0.1463,0.0064,0.0192,-0.0016,-29.22,-35.16,-2.4,,adl
5.216856,0.01,0.007,0.1463,0.0064,0.0192,-0.0016,-29.22,-35.16,-2.4,,adl
5.218431,0.0378,0.0177,0.1367,0.0064,0.0192,-0.0016,-29.22,-35.16,-2.4,,adl
5.219193,0.0378,0.0177,0.1367,0.0005,0.0069,-0.0027,-29.22,-35.16,-2.4,,adl
5.236526,0.0378,0.0177,0.1367,0.0005,0.0069,-0.0027,-29.22,-35.16,-2.4,,adl
5.23811,0.0224,-0.035,0.1176,0.0005,0.0069,-0.0027,-29.22,-35.16,-2.4,,adl
5.240926,0.0224,-0.035,0.1176,-0.0064,-0.0064,-0.0021,-29.22,-35.16,-2.4,,adl
5.257828,0.0224,-0.035,0.1176,-0.0064,-0.0064,-0.0021,-29.22,-35.16,-2.4,,adl
5.259389,0.0018,-0.0621,0.1343,-0.0064,-0.0064,-0.0021,-29.22,-35.16,-2.4,,adl
5.262223,0.0018,-0.0621,0.1343,-0.0064,-0.0064,-0.0021,-29.34,-34.8,-2.16,,adl
5.263118,0.0018,-0.0621,0.1343,-0.0032,-0.008,0.0021,-29.34,-34.8,-2.16,,adl
5.278676,0.0018,-0.0621,0.1343,-0.0032,-0.008,0.0021,-29.34,-34.8,-2.16,,adl
5.280136,-0.0285,-0.0444,0.1391,-0.0032,-0.008,0.0021,-29.34,-34.8,-2.16,,adl
5.281084,-0.0285,-0.0444,0.1391,-0.0005,0.0016,0.0048,-29.34,-34.8,-2.16,,adl
5.29854,-0.0285,-0.0444,0.1391,-0.0005,0.0016,0.0048,-29.34,-34.8,-2.16,,adl
5.300013,-0.0423,-0.0294,0.163,-0.0005,0.0016,0.0048,-29.34,-34.8,-2.16,,adl
5.302388,-0.0423,-0.0294,0.163,0.0027,0.0165,0.0043,-29.34,-34.8,-2.16,,adl
5.32008,-0.0423,-0.0294,0.163,0.0027,0.0165,0.0043,-29.34,-34.8,-2.16,,adl
5.321448,-0.0506,0.0158,0.1678,0.0027,0.0165,0.0043,-29.34,-34.8,-2.16,,adl
5.323236,-0.0506,0.0158,0.1678,0.0027,0.0165,0.0043,-29.76,-34.8,-1.8,,adl
5.324017,-0.0506,0.0158,0.1678,0.0048,0.0101,0.0048,-29.76,-34.8,-1.8,,adl
5.340475,-0.0506,0.0158,0.1678,0.0048,0.0101,0.0048,-29.76,-34.8,-1.8,,adl
5.342056,-0.0053,0.0555,0.1391,0.0048,0.0101,0.0048,-29.76,-34.8,-1.8,,adl
5.342912,-0.0053,0.0555,0.1391,-0.0043,-0.0059,0.0032,-29.76,-34.8,-1.8,,adl
5.360371,-0.0053,0.0555,0.1391,-0.0043,-0.0059,0.0032,-29.76,-34.8,-1.8,,adl
5.36183,0.0031,0.0156,0.1559,-0.0043,-0.0059,0.0032,-29.76,-34.8,-1.8,,adl
5.363194,0.0031,0.0156,0.1559,-0.0027,-0.0085,0.0,-29.76,-34.8,-1.8,,adl
5.381167,0.0031,0.0156,0.1559,-0.0027,-0.0085,0.0,-29.76,-34.8,-1.8,,adl
5.382775,0.0182,-0.0197,0.1535,-0.0027,-0.0085,0.0,-29.76,-34.8,-1.8,,adl
5.384616,0.0182,-0.0197,0.1535,-0.0027,-0.0085,0.0,-29.82,-34.98,-1.74,,adl
5.385455,0.0182,-0.0197,0.1535,0.0096,0.0005,0.0043,-29.82,-34.98,-1.74,,adl
5.401217,0.0182,-0.0197,0.1535,0.0096,0.0005,0.0043,-29.82,-34.98,-1.74,,adl
5.402798,0.0135,0.0047,0.0936,0.0096,0.0005,0.0043,-29.82,-34.98,-1.74,,adl
5.405197,0.0135,0.0047,0.0936,0.0048,0.0053,0.0085,-29.82,-34.98,-1.74,,adl
5.421169,0.0135,0.0047,0.0936,0.0048,0.0053,0.0085,-29.82,-34.98,-1.74,,adl
5.422827,0.0217,0.03,0.1128,0.0048,0.0053,0.0085,-29.82,-34.98,-1.74,,adl
5.425021,0.0217,0.03,0.1128,-0.008,-0.0016,0.0069,-29.82,-34.98,-1.74,,adl
5.442796,0.0217,0.03,0.1128,-0.008,-0.0016,0.0069,-29.82,-34.98,-1.74,,adl
5.444274,0.0332,-0.0163,0.1726,-0.008,-0.0016,0.0069,-29.82,-34.98,-1.74,,adl
5.446921,0.0332,-0.0163,0.1726,-0.008,-0.0016,0.0069,-29.52,-35.1,-1.74,,adl
5.447824,0.0332,-0.0163,0.1726,-0.0096,-0.0085,0.0016,-29.52,-35.1,-1.74,,adl
5.46279,0.0332,-0.0163,0.1726,-0.0096,-0.0085,0.0016,-29.52,-35.1,-1.74,,adl
5.464283,0.0336,-0.093,0.2013,-0.0096,-0.0085,0.0016,-29.52,-35.1,-1.74,,adl
5.465387,0.0336,-0.093,0.2013,0.0016,0.0016,-0.0043,-29.52,-35.1,-1.74,,adl
5.482979,0.0336,-0.093,0.2013,0.0016,0.0016,-0.0043,-29.52,-35.1,-1.74,,adl
5.484478,0.0024,-0.1017,0.1846,0.0016,0.0016,-0.0043,-29.52,-35.1,-1.74,,adl
5.486753,0.0024,-0.1017,0.1846,0.0032,0.0181,-0.0011,-29.52,-35.1,-1.74,,adl
5.50365,0.0024,-0.1017,0.1846,0.0032,0.0181,-0.0011,-29.52,-35.1,-1.74,,adl
5.505136,-0.011,-0.0461,0.1295,0.0032,0.0181,-0.0011,-29.52,-35.1,-1.74,,adl
5.508415,-0.011,-0.0461,0.1295,0.0032,0.0181,-0.0011,-29.4,-35.04,-1.92,,adl
5.509285,-0.011,-0.0461,0.1295,-0.0037,0.0186,0.0011,-29.4,-35.04,-1.92,,adl
5.524207,-0.011,-0.0461,0.1295,-0.0037,0.0186,0.0011,-29.4,-35.04,-1.92,,adl
5.525579,-0.0335,0.0362,0.1559,-0.0037,0.0186,0.0011,-29.4,-35.04,-1.92,,adl
5.528622,-0.0335,0.0362,0.1559,0.0075,0.0059,0.0011,-29.4,-35.04,-1.92,,adl
5.544505,-0.0335,0.0362,0.1559,0.0075,0.0059,0.0011,-29.4,-35.04,-1.92,,adl
5.545967,-0.0538,0.0825,0.108,0.0075,0.0059,0.0011,-29.4,-35.04,-1.92,,adl
5.547753,-0.0538,0.0825,0.108,0.0085,-0.0064,0.0043,-29.4,-35.04,-1.92,,adl
5.56553,-0.0538,0.0825,0.108,0.0085,-0.0064,0.0043,-29.4,-35.04,-1.92,,adl
5.567063,-0.0334,0.0734,0.0721,0.0085,-0.0064,0.0043,-29.4,-35.04,-1.92,,adl
5.569092,-0.0334,0.0734,0.0721,0.0085,-0.0064,0.0043,-29.16,-35.04,-2.4,,adl
5.569838,-0.0334,0.0734,0.0721,-0.0085,0.0021,0.0075,-29.16,-35.04,-2.4,,adl
5.585927,-0.0334,0.0734,0.0721,-0.0085,0.0021,0.0075,-29.16,-35.04,-2.4,,adl
5.587228,-0.0302,0.0006,0.187,-0.0085,0.0021,0.0075,-29.16,-35.04,-2.4,,adl
5.588719,-0.0302,0.0006,0.187,-0.0149,0.0048,0.0005,-29.16,-35.04,-2.4,,adl
5.605788,-0.0302,0.0006,0.187,-0.0149,0.0048,0.0005,-29.16,-35.04,-2.4,,adl
5.607478,-0.0101,-0.0754,0.2349,-0.0149,0.0048,0.0005,-29.16,-35.04,-2.4,,adl
5.610688,-0.0101,-0.0754,0.2349,0.0005,-0.0245,-0.0032,-29.16,-35.04,-2.4,,adl
5.627757,-0.0101,-0.0754,0.2349,0.0005,-0.0245,-0.0032,-29.16,-35.04,-2.4,,adl
5.629222,0.0258,-0.0562,0.1606,0.0005,-0.0245,-0.0032,-29.16,-35.04,-2.4,,adl
5.631083,0.0258,-0.0562,0.1606,0.0005,-0.0245,-0.0032,-29.64,-35.4,-2.34,,adl
5.631953,0.0258,-0.0562,0.1606,0.0085,-0.0368,-0.0032,-29.64,-35.4,-2.34,,adl
5.646639,0.0258,-0.0562,0.1606,0.0085,-0.0368,-0.0032,-29.64,-35.4,-2.34,,adl
5.648032,0.0375,-0.0075,0.0696,0.0085,-0.0368,-0.0032,-29.64,-35.4,-2.34,,adl
5.652623,0.0375,-0.0075,0.0696,0.0053,-0.0091,-0.0005,-29.64,-35.4,-2.34,,adl
5.670453,0.0375,-0.0075,0.0696,0.0053,-0.0091,-0.0005,-29.64,-35.4,-2.34,,adl
5.671825,0.0524,0.001,0.1343,0.0053,-0.0091,-0.0005,-29.64,-35.4,-2.34,,adl
5.67292,0.0524,0.001,0.1343,0.0016,0.0378,-0.0021,-29.64,-35.4,-2.34,,adl
5.688064,0.0524,0.001,0.1343,0.0016,0.0378,-0.0021,-29.64,-35.4,-2.34,,adl
5.689448,0.024,-0.0135,0.2085,0.0016,0.0378,-0.0021,-29.64,-35.4,-2.34,,adl
5.693597,0.024,-0.0135,0.2085,0.0016,0.0378,-0.0021,-29.58,-35.22,-2.52,,adl
5.694742,0.024,-0.0135,0.2085,0.0016,0.0362,-0.0027,-29.58,-35.22,-2.52,,adl
5.70866,0.024,-0.0135,0.2085,0.0016,0.0362,-0.0027,-29.58,-35.22,-2.52,,adl
5.710315,-0.0239,-0.0305,0.1966,0.0016,0.0362,-0.0027,-29.58,-35.22,-2.52,,adl
5.712737,-0.0239,-0.0305,0.1966,0.0021,-0.0027,-0.0021,-29.58,-35.22,-2.52,,adl
5.729167,-0.0239,-0.0305,0.1966,0.0021,-0.0027,-0.0021,-29.58,-35.22,-2.52,,adl
5.731294,-0.0364,-0.0451,0.1176,0.0021,-0.0027,-0.0021,-29.58,-35.22,-2.52,,adl
5.733637,-0.0364,-0.0451,0.1176,0.0016,-0.0186,0.0,-29.58,-35.22,-2.52,,adl
5.750332,-0.0364,-0.0451,0.1176,0.0016,-0.0186,0.0,-29.58,-35.22,-2.52,,adl
5.751868,-0.0257,-0.0546,0.0721,0.0016,-0.0186,0.0,-29.58,-35.22,-2.52,,adl
5.754382,-0.0257,-0.0546,0.0721,0.0016,-0.0186,0.0,-29.88,-35.34,-2.58,,adl
5.755312,-0.0257,-0.0546,0.0721,0.0021,-0.0117,0.0021,-29.88,-35.34,-2.58,,adl
5.770449,-0.0257,-0.0546,0.0721,0.0021,-0.0117,0.0021,-29.88,-35.34,-2.58,,adl
5.771758,-0.0303,-0.0308,0.1343,0.0021,-0.0117,0.0021,-29.88,-35.34,-2.58,,adl
5.774303,-0.0303,-0.0308,0.1343,-0.0016,-0.0011,0.0048,-29.88,-35.34,-2.58,,adl
5.791711,-0.0303,-0.0308,0.1343,-0.0016,-0.0011,0.0048,-29.88,-35.34,-2.58,,adl
5.793217,-0.0254,0.0082,0.1942,-0.0016,-0.0011,0.0048,-29.88,-35.34,-2.58,,adl
5.794265,-0.0254,0.0082,0.1942,-0.0043,0.0021,0.0085,-29.88,-35.34,-2.58,,adl
5.811656,-0.0254,0.0082,0.1942,-0.0043,0.0021,0.0085,-29.88,-35.34,-2.58,,adl
5.813258,-0.02,0.0426,0.1942,-0.0043,0.0021,0.0085,-29.88,-35.34,-2.58,,adl
5.816297,-0.02,0.0426,0.1942,-0.0043,0.0021,0.0085,-29.7,-35.1,-2.16,,adl
5.817226,-0.02,0.0426,0.1942,-0.0005,0.0,0.0043,-29.7,-35.1,-2.16,,adl
5.832738,-0.02,0.0426,0.1942,-0.0005,0.0,0.0043,-29.7,-35.1,-2.16,,adl
5.834606,-0.0031,0.0427,0.175,-0.0005,0.0,0.0043,-29.7,-35.1,-2.16,,adl
5.835491,-0.0031,0.0427,0.175,0.0037,0.0016,-0.0021,-29.7,-35.1,-2.16,,adl
5.853679,-0.0031,0.0427,0.175,0.0037,0.0016,-0.0021,-29.7,-35.1,-2.16,,adl
5.85523,0.0211,-0.0012,0.1463,0.0037,0.0016,-0.0021,-29.7,-35.1,-2.16,,adl
5.856293,0.0211,-0.0012,0.1463,0.0064,0.0043,-0.0037,-29.7,-35.1,-2.16,,adl
5.87332,0.0211,-0.0012,0.1463,0.0064,0.0043,-0.0037,-29.7,-35.1,-2.16,,adl
5.874928,0.0172,-0.0216,0.1295,0.0064,0.0043,-0.0037,-29.7,-35.1,-2.16,,adl
5.876607,0.0172,-0.0216,0.1295,0.0064,0.0043,-0.0037,-29.46,-35.28,-1.92,,adl
5.877404,0.0172,-0.0216,0.1295,0.0021,-0.0037,-0.0016,-29.46,-35.28,-1.92,,adl
5.894584,0.0172,-0.0216,0.1295,0.0021,-0.0037,-0.0016,-29.46,-35.28,-1.92,,adl
5.896153,0.0284,-0.022,0.1152,0.0021,-0.0037,-0.0016,-29.46,-35.28,-1.92,,adl
5.897016,0.0284,-0.022,0.1152,-0.0005,-0.0112,-0.0005,-29.46,-35.28,-1.92,,adl
5.914686,0.0284,-0.022,0.1152,-0.0005,-0.0112,-0.0005,-29.46,-35.28,-1.92,,adl
5.916246,0.0117,-0.0123,0.1199,-0.0005,-0.0112,-0.0005,-29.46,-35.28,-1.92,,adl
5.917038,0.0117,-0.0123,0.1199,-0.0016,-0.0075,0.0005,-29.46,-35.28,-1.92,,adl
5.935124,0.0117,-0.0123,0.1199,-0.0016,-0.0075,0.0005,-29.46,-35.28,-1.92,,adl
5.936598,0.0078,-0.0143,0.1439,-0.0016,-0.0075,0.0005,-29.46,-35.28,-1.92,,adl
5.939552,0.0078,-0.0143,0.1439,-0.0016,-0.0075,0.0005,-28.98,-34.92,-1.92,,adl
5.940556,0.0078,-0.0143,0.1439,0.0005,0.0144,-0.0016,-28.98,-34.92,-1.92,,adl
5.954162,0.0078,-0.0143,0.1439,0.0005,0.0144,-0.0016,-28.98,-34.92,-1.92,,adl
5.954646,-0.0253,-0.0286,0.1894,0.0005,0.0144,-0.0016,-28.98,-34.92,-1.92,,adl
5.958388,-0.0253,-0.0286,0.1894,-0.0011,0.0149,-0.0027,-28.98,-34.92,-1.92,,adl
5.976112,-0.0253,-0.0286,0.1894,-0.0011,0.0149,-0.0027,-28.98,-34.92,-1.92,,adl
5.977363,-0.0509,-0.045,0.2014,-0.0011,0.0149,-0.0027,-28.98,-34.92,-1.92,,adl
5.978983,-0.0509,-0.045,0.2014,0.0037,0.0053,0.0,-28.98,-34.92,-1.92,,adl
5.99586,-0.0509,-0.045,0.2014,0.0037,0.0053,0.0,-28.98,-34.92,-1.92,,adl
5.997043,-0.0471,-0.0285,0.1583,0.0037,0.0053,0.0,-28.98,-34.92,-1.92,,adl
6.000899,-0.0471,-0.0285,0.1583,0.0037,0.0053,0.0,-29.22,-35.1,-1.92,,adl
6.001816,-0.0471,-0.0285,0.1583,0.0085,-0.0011,0.0016,-29.22,-35.1,-1.92,,adl
6.016482,-0.0471,-0.0285,0.1583,0.0085,-0.0011,0.0016,-29.22,-35.1,-1.92,,adl
6.018123,-0.0087,-0.0154,0.108,0.0085,-0.0011,0.0016,-29.22,-35.1,-1.92,,adl
6.019968,-0.0087,-0.0154,0.108,-0.0005,-0.0123,0.0043,-29.22,-35.1,-1.92,,adl
6.036891,-0.0087,-0.0154,0.108,-0.0005,-0.0123,0.0043,-29.22,-35.1,-1.92,,adl
6.038579,0.0009,0.004,0.1152,-0.0005,-0.0123,0.0043,-29.22,-35.1,-1.92,,adl
6.040609,0.0009,0.004,0.1152,-0.0069,-0.0149,0.0043,-29.22,-35.1,-1.92,,adl
6.057155,0.0009,0.004,0.1152,-0.0069,-0.0149,0.0043,-29.22,-35.1,-1.92,,adl
6.057675,-0.0091,0.0079,0.1295,-0.0069,-0.0149,0.0043,-29.22,-35.1,-1.92,,adl
6.061167,-0.0091,0.0079,0.1295,-0.0069,-0.0149,0.0043,-29.22,-35.16,-1.92,,adl
6.061393,-0.0091,0.0079,0.1295,-0.0053,0.0005,0.0011,-29.22,-35.16,-1.92,,adl
6.077354,-0.0091,0.0079,0.1295,-0.0053,0.0005,0.0011,-29.22,-35.16,-1.92,,adl
6.078659,-0.0137,-0.0102,0.1894,-0.0053,0.0005,0.0011,-29.22,-35.16,-1.92,,adl
6.080837,-0.0137,-0.0102,0.1894,0.0037,0.0043,-0.0021,-29.22,-35.16,-1.92,,adl
6.09807,-0.0137,-0.0102,0.1894,0.0037,0.0043,-0.0021,-29.22,-35.16,-1.92,,adl
6.098658,-0.0294,0.0131,0.1942,0.0037,0.0043,-0.0021,-29.22,-35.16,-1.92,,adl
6.101895,-0.0294,0.0131,0.1942,0.0069,-0.0128,0.0016,-29.22,-35.16,-1.92,,adl
6.118496,-0.0294,0.0131,0.1942,0.0069,-0.0128,0.0016,-29.22,-35.16,-1.92,,adl
6.118955,-0.0055,0.0451,0.1487,0.0069,-0.0128,0.0016,-29.22,-35.16,-1.92,,adl
6.122754,-0.0055,0.0451,0.1487,0.0069,-0.0128,0.0016,-28.98,-35.16,-2.04,,adl
6.123092,-0.0055,0.0451,0.1487,0.0043,-0.0112,0.0016,-28.98,-35.16,-2.04,,adl
6.140385,-0.0055,0.0451,0.1487,0.0043,-0.0112,0.0016,-28.98,-35.16,-2.04,,adl
6.141078,0.0282,0.0322,0.1247,0.0043,-0.0112,0.0016,-28.98,-35.16,-2.04,,adl
6.143174,0.0282,0.0322,0.1247,0.0005,-0.0005,-0.0011,-28.98,-35.16,-2.04,,adl
6.160133,0.0282,0.0322,0.1247,0.0005,-0.0005,-0.0011,-28.98,-35.16,-2.04,,adl
6.160859,0.0376,0.0128,0.1199,0.0005,-0.0005,-0.0011,-28.98,-35.16,-2.04,,adl
6.163062,0.0376,0.0128,0.1199,0.0005,0.0064,-0.0064,-28.98,-35.16,-2.04,,adl
6.181202,0.0376,0.0128,0.1199,0.0005,0.0064,-0.0064,-28.98,-35.16,-2.04,,adl
6.182494,0.022,-0.0089,0.1463,0.0005,0.0064,-0.0064,-28.98,-35.16,-2.04,,adl
6.185146,0.022,-0.0089,0.1463,0.0005,0.0064,-0.0064,-29.46,-35.58,-1.92,,adl
6.186182,0.022,-0.0089,0.1463,0.0016,0.0112,-0.0069,-29.46,-35.58,-1.92,,adl
6.201785,0.022,-0.0089,0.1463,0.0016,0.0112,-0.0069,-29.46,-35.58,-1.92,,adl
6.20288,-0.0165,-0.0856,0.1583,0.0016,0.0112,-0.0069,-29.46,-35.58,-1.92,,adl
6.205686,-0.0165,-0.0856,0.1583,-0.0032,0.0043,-0.0037,-29.46,-35.58,-1.92,,adl
6.22549,-0.0165,-0.0856,0.1583,-0.0064,0.0037,0.0032,-29.46,-35.58,-1.92,,adl
6.2457,-0.0165,-0.0856,0.1583,-0.0064,0.0037,0.0032,-29.34,-35.4,-1.86,,adl
6.246585,-0.0165,-0.0856,0.1583,-0.0064,0.0,0.008,-29.34,-35.4,-1.86,,adl
6.262167,-0.0165,-0.0856,0.1583,-0.0064,0.0,0.008,-29.34,-35.4,-1.86,,adl
6.263238,-0.0359,-0.0125,0.1582,-0.0064,0.0,0.008,-29.34,-35.4,-1.86,,adl
6.266005,-0.0359,-0.0125,0.1582,-0.0048,-0.0123,0.0107,-29.34,-35.4,-1.86,,adl
6.286508,-0.0359,-0.0125,0.1582,0.0,-0.0224,0.0085,-29.34,-35.4,-1.86,,adl
6.307456,-0.0359,-0.0125,0.1582,0.0,-0.0224,0.0085,-29.1,-35.4,-1.74,,adl
6.308002,-0.0359,-0.0125,0.1582,0.0075,-0.0154,0.0069,-29.1,-35.4,-1.74,,adl
6.323318,-0.0359,-0.0125,0.1582,0.0075,-0.0154,0.0069,-29.1,-35.4,-1.74,,adl
6.323959,0.0959,0.0859,0.1127,0.0075,-0.0154,0.0069,-29.1,-35.4,-1.74,,adl
6.326954,0.0959,0.0859,0.1127,0.0,0.0128,-0.0053,-29.1,-35.4,-1.74,,adl
6.348759,0.0959,0.0859,0.1127,-0.0069,0.0293,-0.0096,-29.1,-35.4,-1.74,,adl
6.370028,0.0959,0.0859,0.1127,-0.0069,0.0293,-0.0096,-28.74,-34.74,-1.62,,adl
6.37148,0.0959,0.0859,0.1127,-0.0091,0.0043,-0.0032,-28.74,-34.74,-1.62,,adl
6.386194,0.0959,0.0859,0.1127,-0.0091,0.0043,-0.0032,-28.74,-34.74,-1.62,,adl
6.387575,-0.0479,-0.0803,0.1582,-0.0091,0.0043,-0.0032,-28.74,-34.74,-1.62,,adl
6.39046,-0.0479,-0.0803,0.1582,-0.0027,-0.025,-0.0005,-28.74,-34.74,-1.62,,adl
6.410842,-0.0479,-0.0803,0.1582,0.0085,-0.0218,-0.0021,-28.74,-34.74,-1.62,,adl
6.432002,-0.0479,-0.0803,0.1582,0.0085,-0.0218,-0.0021,-28.5,-34.86,-1.56,,adl
6.433524,-0.0479,-0.0803,0.1582,0.0123,0.0192,-0.0043,-28.5,-34.86,-1.56,,adl
6.448169,-0.0479,-0.0803,0.1582,0.0123,0.0192,-0.0043,-28.5,-34.86,-1.56,,adl
6.449129,0.0183,0.0118,0.1894,0.0123,0.0192,-0.0043,-28.5,-34.86,-1.56,,adl
6.45321,0.0183,0.0118,0.1894,0.0037,0.0314,-0.0016,-28.5,-34.86,-1.56,,adl
6.47282,0.0183,0.0118,0.1894,-0.0021,0.0059,0.0016,-28.5,-34.86,-1.56,,adl
6.493537,0.0183,0.0118,0.1894,-0.0021,0.0059,0.0016,-28.2,-34.92,-1.8,,adl
6.495054,0.0183,0.0118,0.1894,-0.0032,-0.0133,-0.0011,-28.2,-34.92,-1.8,,adl
6.509655,0.0183,0.0118,0.1894,-0.0032,-0.0133,-0.0011,-28.2,-34.92,-1.8,,adl
6.511139,-0.0449,-0.1335,0.1175,-0.0032,-0.0133,-0.0011,-28.2,-34.92,-1.8,,adl
6.512483,-0.0449,-0.1335,0.1175,0.0016,-0.0069,-0.0032,-28.2,-34.92,-1.8,,adl
6.533806,-0.0449,-0.1335,0.1175,0.0032,-0.0075,0.0011,-28.2,-34.92,-1.8,,adl
6.555337,-0.0449,-0.1335,0.1175,0.0032,-0.0075,0.0011,-28.62,-35.04,-1.62,,adl
6.556762,-0.0449,-0.1335,0.1175,0.0016,-0.0021,0.0085,-28.62,-35.04,-1.62,,adl
6.571242,-0.0449,-0.1335,0.1175,0.0016,-0.0021,0.0085,-28.62,-35.04,-1.62,,adl
6.572627,-0.028,0.0546,0.1247,0.0016,-0.0021,0.0085,-28.62,-35.04,-1.62,,adl
6.574325,-0.028,0.0546,0.1247,0.0005,0.0027,0.0085,-28.62,-35.04,-1.62,,adl
6.595069,-0.028,0.0546,0.1247,0.0027,-0.0005,0.0027,-28.62,-35.04,-1.62,,adl
6.616642,-0.028,0.0546,0.1247,0.0027,-0.0005,0.0027,-29.04,-35.1,-1.56,,adl
6.618589,-0.028,0.0546,0.1247,0.0011,-0.0107,-0.0011,-29.04,-35.1,-1.56,,adl
6.632779,-0.028,0.0546,0.1247,0.0011,-0.0107,-0.0011,-29.04,-35.1,-1.56,,adl
6.633759,0.0277,0.0155,0.1869,0.0011,-0.0107,-0.0011,-29.04,-35.1,-1.56,,adl
6.636955,0.0277,0.0155,0.1869,-0.0048,-0.016,0.0027,-29.04,-35.1,-1.56,,adl
6.657183,0.0277,0.0155,0.1869,0.0,-0.0085,0.0048,-29.04,-35.1,-1.56,,adl
6.678077,0.0277,0.0155,0.1869,0.0,-0.0085,0.0048,-29.16,-35.22,-1.56,,adl
6.679484,0.0277,0.0155,0.1869,0.0032,0.0107,-0.0011,-29.16,-35.22,-1.56,,adl
6.694463,0.0277,0.0155,0.1869,0.0032,0.0107,-0.0011,-29.16,-35.22,-1.56,,adl
6.695891,0.0575,-0.0411,0.1127,0.0032,0.0107,-0.0011,-29.16,-35.22,-1.56,,adl
6.696685,0.0575,-0.0411,0.1127,0.0048,0.0261,-0.008,-29.16,-35.22,-1.56,,adl
6.718742,0.0575,-0.0411,0.1127,0.0043,0.0075,-0.0128,-29.16,-35.22,-1.56,,adl
6.739873,0.0575,-0.0411,0.1127,0.0043,0.0075,-0.0128,-29.16,-35.04,-1.2,,adl
6.741488,0.0575,-0.0411,0.1127,0.0011,-0.0133,-0.0053,-29.16,-35.04,-1.2,,adl
6.75709,0.0575,-0.0411,0.1127,0.0011,-0.0133,-0.0053,-29.16,-35.04,-1.2,,adl
6.758651,-0.1115,0.0121,0.1247,0.0011,-0.0133,-0.0053,-29.16,-35.04,-1.2,,adl
6.759711,-0.1115,0.0121,0.1247,-0.0005,-0.0016,0.0021,-29.16,-35.04,-1.2,,adl
6.779875,-0.1115,0.0121,0.1247,0.0011,0.0154,0.0005,-29.16,-35.04,-1.2,,adl
6.801577,-0.1115,0.0121,0.1247,0.0011,0.0154,0.0005,-29.1,-35.04,-1.92,,adl
6.803112,-0.1115,0.0121,0.1247,0.0,-0.0016,0.0011,-29.1,-35.04,-1.92,,adl
6.817476,-0.1115,0.0121,0.1247,0.0,-0.0016,0.0011,-29.1,-35.04,-1.92,,adl
6.818588,0.0112,-0.0842,0.1798,0.0,-0.0016,0.0011,-29.1,-35.04,-1.92,,adl
6.821744,0.0112,-0.0842,0.1798,0.0,-0.0234,0.0064,-29.1,-35.04,-1.92,,adl
6.841754,0.0112,-0.0842,0.1798,0.0005,-0.0256,0.0091,-29.1,-35.04,-1.92,,adl
6.862501,0.0112,-0.0842,0.1798,0.0005,-0.0256,0.0091,-28.62,-34.86,-2.34,,adl
6.863939,0.0112,-0.0842,0.1798,-0.0059,0.0107,0.0069,-28.62,-34.86,-2.34,,adl
6.87886,0.0112,-0.0842,0.1798,-0.0059,0.0107,0.0069,-28.62,-34.86,-2.34,,adl
6.87983,0.0107,0.0105,0.163,-0.0059,0.0107,0.0069,-28.62,-34.86,-2.34,,adl
6.88169,0.0107,0.0105,0.163,0.0005,0.0245,0.0027,-28.62,-34.86,-2.34,,adl
6.90224,0.0107,0.0105,0.163,0.0043,-0.0027,0.0,-28.62,-34.86,-2.34,,adl
6.92377,0.0107,0.0105,0.163,0.0043,-0.0027,0.0,-28.74,-34.56,-2.4,,adl
6.925143,0.0107,0.0105,0.163,0.0043,-0.0138,0.0021,-28.74,-34.56,-2.4,,adl
6.939271,0.0107,0.0105,0.163,0.0043,-0.0138,0.0021,-28.74,-34.56,-2.4,,adl
6.939897,0.05,0.0277,0.1103,0.0043,-0.0138,0.0021,-28.74,-34.56,-2.4,,adl
6.942731,0.05,0.0277,0.1103,0.0059,-0.0011,-0.0016,-28.74,-34.56,-2.4,,adl
6.964389,0.05,0.0277,0.1103,0.0032,0.0208,-0.0053,-28.74,-34.56,-2.4,,adl
6.985263,0.05,0.0277,0.1103,0.0032,0.0208,-0.0053,-28.92,-34.74,-2.46,,adl
6.986638,0.05,0.0277,0.1103,-0.0037,0.0149,-0.0059,-28.92,-34.74,-2.46,,adl
7.002106,0.05,0.0277,0.1103,-0.0037,0.0149,-0.0059,-28.92,-34.74,-2.46,,adl
7.003397,-0.0948,-0.0723,0.187,-0.0037,0.0149,-0.0059,-28.92,-34.74,-2.46,,adl
7.004925,-0.0948,-0.0723,0.187,-0.0075,0.0027,-0.0027,-28.92,-34.74,-2.46,,adl
7.025591,-0.0948,-0.0723,0.187,-0.0032,0.0,0.0005,-28.92,-34.74,-2.46,,adl
7.046852,-0.0948,-0.0723,0.187,-0.0032,0.0,0.0005,-28.8,-34.74,-1.92,,adl
7.048281,-0.0948,-0.0723,0.187,0.0064,-0.0091,0.0032,-28.8,-34.74,-1.92,,adl
7.06391,-0.0948,-0.0723,0.187,0.0064,-0.0091,0.0032,-28.8,-34.74,-1.92,,adl
7.065428,-0.0045,0.0385,0.1056,0.0064,-0.0091,0.0032,-28.8,-34.74,-1.92,,adl
7.06724,-0.0045,0.0385,0.1056,0.0064,-0.0133,0.0053,-28.8,-34.74,-1.92,,adl
7.08797,-0.0045,0.0385,0.1056,-0.0048,-0.016,0.0016,-28.8,-34.74,-1.92,,adl
7.108882,-0.0045,0.0385,0.1056,-0.0048,-0.016,0.0016,-28.86,-35.28,-1.68,,adl
7.110369,-0.0045,0.0385,0.1056,-0.0069,-0.0128,-0.0021,-28.86,-35.28,-1.68,,adl
7.125356,-0.0045,0.0385,0.1056,-0.0069,-0.0128,-0.0021,-28.86,-35.28,-1.68,,adl
7.127081,0.0558,-0.0316,0.1414,-0.0069,-0.0128,-0.0021,-28.86,-35.28,-1.68,,adl
7.128151,0.0558,-0.0316,0.1414,-0.0005,0.0043,-0.0032,-28.86,-35.28,-1.68,,adl
7.148729,0.0558,-0.0316,0.1414,0.0059,0.0224,-0.0064,-28.86,-35.28,-1.68,,adl
7.170153,0.0558,-0.0316,0.1414,0.0059,0.0224,-0.0064,-29.22,-35.46,-1.68,,adl
7.171515,0.0558,-0.0316,0.1414,0.0064,0.0277,-0.0053,-29.22,-35.46,-1.68,,adl
7.187064,0.0558,-0.0316,0.1414,0.0064,0.0277,-0.0053,-29.22,-35.46,-1.68,,adl
7.188485,-0.0384,-0.045,0.1654,0.0064,0.0277,-0.0053,-29.22,-35.46,-1.68,,adl
7.190177,-0.0384,-0.045,0.1654,0.0,0.0123,0.0005,-29.22,-35.46,-1.68,,adl
7.210398,-0.0384,-0.045,0.1654,0.0032,-0.0229,0.0075,-29.22,-35.46,-1.68,,adl
7.232266,-0.0384,-0.045,0.1654,0.0032,-0.0229,0.0075,-29.4,-35.34,-1.68,,adl
7.233992,-0.0384,-0.045,0.1654,0.0069,-0.0272,0.0075,-29.4,-35.34,-1.68,,adl
7.248709,-0.0384,-0.045,0.1654,0.0069,-0.0272,0.0075,-29.4,-35.34,-1.68,,adl
7.249725,0.0351,-0.0037,0.0696,0.0069,-0.0272,0.0075,-29.4,-35.34,-1.68,,adl
7.253388,0.0351,-0.0037,0.0696,0.0027,0.0069,-0.0016,-29.4,-35.34,-1.68,,adl
7.271952,0.0351,-0.0037,0.0696,-0.0053,0.0293,-0.0043,-29.4,-35.34,-1.68,,adl
7.293809,0.0351,-0.0037,0.0696,-0.0053,0.0293,-0.0043,-29.28,-34.8,-2.04,,adl
7.295279,0.0351,-0.0037,0.0696,-0.0032,0.0005,-0.0027,-29.28,-34.8,-2.04,,adl
7.309644,0.0351,-0.0037,0.0696,-0.0032,0.0005,-0.0027,-29.28,-34.8,-2.04,,adl
7.311063,-0.0738,-0.0304,0.175,-0.0032,0.0005,-0.0027,-29.28,-34.8,-2.04,,adl
7.312617,-0.0738,-0.0304,0.175,0.0037,-0.0176,0.0032,-29.28,-34.8,-2.04,,adl
7.334682,-0.0738,-0.0304,0.175,0.008,-0.0112,0.0021,-29.28,-34.8,-2.04,,adl
7.355334,-0.0738,-0.0304,0.175,0.008,-0.0112,0.0021,-29.82,-34.86,-1.86,,adl
7.356809,-0.0738,-0.0304,0.175,0.0011,-0.0037,0.0,-29.82,-34.86,-1.86,,adl
7.372322,-0.0738,-0.0304,0.175,0.0011,-0.0037,0.0,-29.82,-34.86,-1.86,,adl
7.373728,0.0463,0.0528,0.1439,0.0011,-0.0037,0.0,-29.82,-34.86,-1.86,,adl
7.374796,0.0463,0.0528,0.1439,-0.0027,0.0085,-0.0021,-29.82,-34.86,-1.86,,adl
7.395667,0.0463,0.0528,0.1439,-0.0064,0.0059,-0.0043,-29.82,-34.86,-1.86,,adl
7.417178,0.0463,0.0528,0.1439,-0.0064,0.0059,-0.0043,-29.58,-34.8,-1.74,,adl
7.418796,0.0463,0.0528,0.1439,-0.0005,-0.0011,0.0,-29.58,-34.8,-1.74,,adl
7.433576,0.0463,0.0528,0.1439,-0.0005,-0.0011,0.0,-29.58,-34.8,-1.74,,adl
7.434771,-0.0038,-0.0729,0.1534,-0.0005,-0.0011,0.0,-29.58,-34.8,-1.74,,adl
7.435874,-0.0038,-0.0729,0.1534,0.0037,-0.0016,0.0005,-29.58,-34.8,-1.74,,adl
7.457585,-0.0038,-0.0729,0.1534,0.0037,-0.0037,-0.0011,-29.58,-34.8,-1.74,,adl
7.478979,-0.0038,-0.0729,0.1534,0.0037,-0.0037,-0.0011,-29.1,-34.68,-1.92,,adl
7.48043,-0.0038,-0.0729,0.1534,0.0005,-0.0032,0.0053,-29.1,-34.68,-1.92,,adl
7.494803,-0.0038,-0.0729,0.1534,0.0005,-0.0032,0.0053,-29.1,-34.68,-1.92,,adl
7.4962,0.0135,0.0166,0.1486,0.0005,-0.0032,0.0053,-29.1,-34.68,-1.92,,adl
7.497369,0.0135,0.0166,0.1486,-0.0011,0.0064,0.0053,-29.1,-34.68,-1.92,,adl
7.518932,0.0135,0.0166,0.1486,0.0005,0.0059,0.0016,-29.1,-34.68,-1.92,,adl
7.540533,0.0135,0.0166,0.1486,0.0005,0.0059,0.0016,-28.98,-35.28,-1.56,,adl
7.542057,0.0135,0.0166,0.1486,-0.0005,0.0005,0.0005,-28.98,-35.28,-1.56,,adl
7.556964,0.0135,0.0166,0.1486,-0.0005,0.0005,0.0005,-28.98,-35.28,-1.56,,adl
7.558543,0.011,-0.0117,0.1415,-0.0005,0.0005,0.0005,-28.98,-35.28,-1.56,,adl
7.559363,0.011,-0.0117,0.1415,0.0032,-0.0005,0.0,-28.98,-35.28,-1.56,,adl
7.581084,0.011,-0.0117,0.1415,0.0016,0.0,0.0027,-28.98,-35.28,-1.56,,adl
7.601662,0.011,-0.0117,0.1415,0.0016,0.0,0.0027,-29.04,-34.86,-1.68,,adl
7.603244,0.011,-0.0117,0.1415,-0.0032,0.0021,0.0011,-29.04,-34.86,-1.68,,adl
7.617675,0.011,-0.0117,0.1415,-0.0032,0.0021,0.0011,-29.04,-34.86,-1.68,,adl
7.618763,-0.0315,-0.0141,0.1726,-0.0032,0.0021,0.0011,-29.04,-34.86,-1.68,,adl
7.622599,-0.0315,-0.0141,0.1726,0.0011,0.0064,-0.0027,-29.04,-34.86,-1.68,,adl
7.642074,-0.0315,-0.0141,0.1726,0.0075,0.0059,-0.0021,-29.04,-34.86,-1.68,,adl
7.663816,-0.0315,-0.0141,0.1726,0.0075,0.0059,-0.0021,-28.8,-34.86,-1.74,,adl
7.665295,-0.0315,-0.0141,0.1726,0.0069,-0.0037,0.0,-28.8,-34.86,-1.74,,adl
7.679654,-0.0315,-0.0141,0.1726,0.0069,-0.0037,0.0,-28.8,-34.86,-1.74,,adl
7.681086,0.0038,-0.0191,0.108,0.0069,-0.0037,0.0,-28.8,-34.86,-1.74,,adl
7.682149,0.0038,-0.0191,0.108,-0.0005,-0.0048,0.0053,-28.8,-34.86,-1.74,,adl
7.703715,0.0038,-0.0191,0.108,-0.0032,-0.0032,0.0011,-28.8,-34.86,-1.74,,adl
7.724922,0.0038,-0.0191,0.108,-0.0032,-0.0032,0.0011,-29.1,-34.8,-1.68,,adl
7.726572,0.0038,-0.0191,0.108,0.0,-0.0101,-0.0016,-29.1,-34.8,-1.68,,adl
7.741268,0.0038,-0.0191,0.108,0.0,-0.0101,-0.0016,-29.1,-34.8,-1.68,,adl
7.742841,0.0167,-0.0294,0.1606,0.0,-0.0101,-0.0016,-29.1,-34.8,-1.68,,adl
7.745262,0.0167,-0.0294,0.1606,0.0021,-0.0064,-0.0043,-29.1,-34.8,-1.68,,adl
7.765115,0.0167,-0.0294,0.1606,0.0005,0.0091,-0.0011,-29.1,-34.8,-1.68,,adl
7.786744,0.0167,-0.0294,0.1606,0.0005,0.0091,-0.0011,-29.4,-34.98,-1.68,,adl
7.788089,0.0167,-0.0294,0.1606,-0.0043,0.0218,0.0027,-29.4,-34.98,-1.68,,adl
7.80429,0.0167,-0.0294,0.1606,-0.0043,0.0218,0.0027,-29.4,-34.98,-1.68,,adl
7.805563,-0.047,-0.0585,0.1702,-0.0043,0.0218,0.0027,-29.4,-34.98,-1.68,,adl
7.806774,-0.047,-0.0585,0.1702,-0.0091,0.0117,0.0059,-29.4,-34.98,-1.68,,adl
7.826634,-0.047,-0.0585,0.1702,0.0027,-0.0149,0.0048,-29.4,-34.98,-1.68,,adl
7.847834,-0.047,-0.0585,0.1702,0.0027,-0.0149,0.0048,-29.46,-35.28,-1.38,,adl
7.849335,-0.047,-0.0585,0.1702,0.0154,-0.025,0.0005,-29.46,-35.28,-1.38,,adl
7.863886,-0.047,-0.0585,0.1702,0.0154,-0.025,0.0005,-29.46,-35.28,-1.38,,adl
7.865343,0.0356,0.1153,0.0816,0.0154,-0.025,0.0005,-29.46,-35.28,-1.38,,adl
7.869422,0.0356,0.1153,0.0816,0.0075,-0.0149,-0.0069,-29.46,-35.28,-1.38,,adl
7.888105,0.0356,0.1153,0.0816,-0.0107,0.0037,-0.0117,-29.46,-35.28,-1.38,,adl
7.90971,0.0356,0.1153,0.0816,-0.0107,0.0037,-0.0117,-29.76,-35.22,-1.44,,adl
7.911208,0.0356,0.1153,0.0816,-0.0096,0.0138,-0.0085,-29.76,-35.22,-1.44,,adl
7.92566,0.0356,0.1153,0.0816,-0.0096,0.0138,-0.0085,-29.76,-35.22,-1.44,,adl
7.927235,-0.0328,-0.1128,0.1678,-0.0096,0.0138,-0.0085,-29.76,-35.22,-1.44,,adl
7.928088,-0.0328,-0.1128,0.1678,0.0053,0.0059,-0.0048,-29.76,-35.22,-1.44,,adl
7.95059,-0.0328,-0.1128,0.1678,0.0112,-0.0197,0.0011,-29.76,-35.22,-1.44,,adl
7.970472,-0.0328,-0.1128,0.1678,0.0112,-0.0197,0.0011,-29.58,-35.4,-1.68,,adl
7.971854,-0.0328,-0.1128,0.1678,0.0059,-0.0112,0.0027,-29.58,-35.4,-1.68,,adl
7.986804,-0.0328,-0.1128,0.1678,0.0059,-0.0112,0.0027,-29.58,-35.4,-1.68,,adl
7.988112,0.0268,0.024,0.1367,0.0059,-0.0112,0.0027,-29.58,-35.4,-1.68,,adl
7.991957,0.0268,0.024,0.1367,-0.0016,0.0138,-0.0005,-29.58,-35.4,-1.68,,adl
8.011461,0.0268,0.024,0.1367,0.0,0.0069,-0.0032,-29.58,-35.4,-1.68,,adl
8.032897,0.0268,0.024,0.1367,0.0,0.0069,-0.0032,-29.52,-35.22,-2.16,,adl
8.034549,0.0268,0.024,0.1367,0.0005,-0.0112,-0.0016,-29.52,-35.22,-2.16,,adl
8.04878,0.0268,0.024,0.1367,0.0005,-0.0112,-0.0016,-29.52,-35.22,-2.16,,adl
8.04968,0.0067,-0.1267,0.1175,0.0005,-0.0112,-0.0016,-29.52,-35.22,-2.16,,adl
8.053565,0.0067,-0.1267,0.1175,0.0,-0.0048,0.0032,-29.52,-35.22,-2.16,,adl
8.07265,0.0067,-0.1267,0.1175,-0.0064,0.0154,0.008,-29.52,-35.22,-2.16,,adl
8.093621,0.0067,-0.1267,0.1175,-0.0064,0.0154,0.008,-29.16,-35.04,-2.28,,adl
8.095243,0.0067,-0.1267,0.1175,-0.0053,0.0037,0.0123,-29.16,-35.04,-2.28,,adl
8.110397,0.0067,-0.1267,0.1175,-0.0053,0.0037,0.0123,-29.16,-35.04,-2.28,,adl
8.111826,-0.0309,0.0742,0.1893,-0.0053,0.0037,0.0123,-29.16,-35.04,-2.28,,adl
8.113273,-0.0309,0.0742,0.1893,0.0032,-0.0165,0.0048,-29.16,-35.04,-2.28,,adl
8.134682,-0.0309,0.0742,0.1893,0.0107,-0.0075,-0.0091,-29.16,-35.04,-2.28,,adl
8.15636,-0.0309,0.0742,0.1893,0.0107,-0.0075,-0.0091,-29.04,-35.22,-1.92,,adl
8.157803,-0.0309,0.0742,0.1893,0.0043,0.0229,-0.0149,-29.04,-35.22,-1.92,,adl
8.171249,-0.0309,0.0742,0.1893,0.0043,0.0229,-0.0149,-29.04,-35.22,-1.92,,adl
8.172664,-0.0378,0.0106,0.1343,0.0043,0.0229,-0.0149,-29.04,-35.22,-1.92,,adl
8.174728,-0.0378,0.0106,0.1343,-0.0021,0.0293,-0.0096,-29.04,-35.22,-1.92,,adl
8.196298,-0.0378,0.0106,0.1343,-0.0053,-0.0037,0.0032,-29.04,-35.22,-1.92,,adl
8.217753,-0.0378,0.0106,0.1343,-0.0053,-0.0037,0.0032,-29.04,-35.28,-1.02,,adl
8.219601,-0.0378,0.0106,0.1343,-0.0043,-0.0426,0.0096,-29.04,-35.28,-1.02,,adl
8.23404,-0.0378,0.0106,0.1343,-0.0043,-0.0426,0.0096,-29.04,-35.28,-1.02,,adl
8.234971,0.0234,-0.0419,0.1295,-0.0043,-0.0426,0.0096,-29.04,-35.28,-1.02,,adl
8.238917,0.0234,-0.0419,0.1295,-0.0005,-0.0383,0.0075,-29.04,-35.28,-1.02,,adl
8.258054,0.0234,-0.0419,0.1295,0.0016,0.0032,-0.0016,-29.04,-35.28,-1.02,,adl
8.279622,0.0234,-0.0419,0.1295,0.0016,0.0032,-0.0016,-29.1,-35.16,-0.66,,adl
8.281139,0.0234,-0.0419,0.1295,0.0096,0.0266,-0.0069,-29.1,-35.16,-0.66,,adl
8.295375,0.0234,-0.0419,0.1295,0.0096,0.0266,-0.0069,-29.1,-35.16,-0.66,,adl
8.296913,0.0447,-0.0544,0.1654,0.0096,0.0266,-0.0069,-29.1,-35.16,-0.66,,adl
8.298058,0.0447,-0.0544,0.1654,0.0112,0.033,-0.0064,-29.1,-35.16,-0.66,,adl
8.319971,0.0447,-0.0544,0.1654,0.0032,0.0218,-0.0005,-29.1,-35.16,-0.66,,adl
8.340791,0.0447,-0.0544,0.1654,0.0032,0.0218,-0.0005,-28.74,-34.8,-1.08,,adl
8.342559,0.0447,-0.0544,0.1654,-0.0053,-0.0133,0.0021,-28.74,-34.8,-1.08,,adl
8.357025,0.0447,-0.0544,0.1654,-0.0053,-0.0133,0.0021,-28.74,-34.8,-1.08,,adl
8.358737,-0.0918,0.0112,0.1415,-0.0053,-0.0133,0.0021,-28.74,-34.8,-1.08,,adl
8.359779,-0.0918,0.0112,0.1415,-0.0064,-0.0378,0.0011,-28.74,-34.8,-1.08,,adl
8.380518,-0.0918,0.0112,0.1415,-0.0037,-0.0224,0.0005,-28.74,-34.8,-1.08,,adl
8.402525,-0.0918,0.0112,0.1415,-0.0037,-0.0224,0.0005,-28.68,-34.8,-1.74,,adl
8.404232,-0.0918,0.0112,0.1415,-0.0059,0.0149,-0.0037,-28.68,-34.8,-1.74,,adl
8.420052,-0.0918,0.0112,0.1415,-0.0059,0.0149,-0.0037,-28.68,-34.8,-1.74,,adl
8.421442,-0.0069,-0.0446,0.1965,-0.0059,0.0149,-0.0037,-28.68,-34.8,-1.74,,adl
8.42249,-0.0069,-0.0446,0.1965,-0.0011,0.0197,-0.0027,-28.68,-34.8,-1.74,,adl
8.443299,-0.0069,-0.0446,0.1965,0.0048,-0.0053,-0.0027,-28.68,-34.8,-1.74,,adl
8.464211,-0.0069,-0.0446,0.1965,0.0048,-0.0053,-0.0027,-29.04,-35.04,-2.04,,adl
8.465774,-0.0069,-0.0446,0.1965,0.0021,-0.0101,-0.0011,-29.04,-35.04,-2.04,,adl
8.479564,-0.0069,-0.0446,0.1965,0.0021,-0.0101,-0.0011,-29.04,-35.04,-2.04,,adl
8.480954,-0.0246,0.0521,0.1438,0.0021,-0.0101,-0.0011,-29.04,-35.04,-2.04,,adl
8.483092,-0.0246,0.0521,0.1438,0.0,-0.0117,-0.0048,-29.04,-35.04,-2.04,,adl
8.504277,-0.0246,0.0521,0.1438,0.0027,-0.0128,-0.0032,-29.04,-35.04,-2.04,,adl
8.52626,-0.0246,0.0521,0.1438,0.0027,-0.0053,0.0021,-29.04,-35.04,-2.04,,adl
8.527689,-0.0246,0.0521,0.1438,0.0027,-0.0053,0.0021,-28.92,-35.04,-2.22,,adl
8.5418,-0.0246,0.0521,0.1438,0.0027,-0.0053,0.0021,-28.92,-35.04,-2.22,,adl
8.543431,0.0915,-0.0227,0.1079,0.0027,-0.0053,0.0021,-28.92,-35.04,-2.22,,adl
8.544476,0.0915,-0.0227,0.1079,-0.0053,-0.0011,0.0053,-28.92,-35.04,-2.22,,adl
8.566149,0.0915,-0.0227,0.1079,-0.0043,-0.0027,0.0075,-28.92,-35.04,-2.22,,adl
8.586638,0.0915,-0.0227,0.1079,-0.0043,-0.0027,0.0075,-29.58,-35.58,-1.68,,adl
8.588039,0.0915,-0.0227,0.1079,0.0005,-0.0016,0.0048,-29.58,-35.58,-1.68,,adl
8.603098,0.0915,-0.0227,0.1079,0.0005,-0.0016,0.0048,-29.58,-35.58,-1.68,,adl
8.604394,-0.0012,-0.0274,0.1797,0.0005,-0.0016,0.0048,-29.58,-35.58,-1.68,,adl
8.606858,-0.0012,-0.0274,0.1797,0.0043,0.0069,0.0016,-29.58,-35.58,-1.68,,adl
8.627682,-0.0012,-0.0274,0.1797,-0.0021,0.0288,-0.0027,-29.58,-35.58,-1.68,,adl
8.649096,-0.0012,-0.0274,0.1797,-0.0021,0.0288,-0.0027,-29.34,-35.16,-1.26,,adl
8.650749,-0.0012,-0.0274,0.1797,-0.0037,0.0256,-0.0037,-29.34,-35.16,-1.26,,adl
8.664658,-0.0012,-0.0274,0.1797,-0.0037,0.0256,-0.0037,-29.34,-35.16,-1.26,,adl
8.665567,-0.0651,-0.003,0.1606,-0.0037,0.0256,-0.0037,-29.34,-35.16,-1.26,,adl
8.669506,-0.0651,-0.003,0.1606,0.0043,-0.0021,-0.0037,-29.34,-35.16,-1.26,,adl
8.689707,-0.0651,-0.003,0.1606,0.0037,-0.0165,-0.0011,-29.34,-35.16,-1.26,,adl
8.709819,-0.0651,-0.003,0.1606,0.0037,-0.0165,-0.0011,-29.1,-34.8,-1.68,,adl
8.711326,-0.0651,-0.003,0.1606,-0.0053,-0.0133,0.0016,-29.1,-34.8,-1.68,,adl
8.726249,-0.0651,-0.003,0.1606,-0.0053,-0.0133,0.0016,-29.1,-34.8,-1.68,,adl
8.727759,-0.0762,-0.0149,0.1725,-0.0053,-0.0133,0.0016,-29.1,-34.8,-1.68,,adl
8.730055,-0.0762,-0.0149,0.1725,0.0005,0.0016,0.0032,-29.1,-34.8,-1.68,,adl
8.750584,-0.0762,-0.0149,0.1725,0.0021,0.0053,-0.0011,-29.1,-34.8,-1.68,,adl
8.772271,-0.0762,-0.0149,0.1725,0.0021,0.0053,-0.0011,-29.28,-34.74,-1.56,,adl
8.773659,-0.0762,-0.0149,0.1725,-0.0043,-0.0107,-0.0027,-29.28,-34.74,-1.56,,adl
8.787286,-0.0762,-0.0149,0.1725,-0.0043,-0.0107,-0.0027,-29.28,-34.74,-1.56,,adl
8.788653,-0.0051,-0.0636,0.1462,-0.0043,-0.0107,-0.0027,-29.28,-34.74,-1.56,,adl
8.790657,-0.0051,-0.0636,0.1462,-0.0032,-0.0181,0.0005,-29.28,-34.74,-1.56,,adl
8.812131,-0.0051,-0.0636,0.1462,0.0037,-0.0096,0.0053,-29.28,-34.74,-1.56,,adl
8.832518,-0.0051,-0.0636,0.1462,0.0037,-0.0096,0.0053,-28.98,-34.56,-1.38,,adl
8.834094,-0.0051,-0.0636,0.1462,0.0064,-0.0069,0.0091,-28.98,-34.56,-1.38,,adl
8.848979,-0.0051,-0.0636,0.1462,0.0064,-0.0069,0.0091,-28.98,-34.56,-1.38,,adl
8.849993,0.0616,0.0378,0.1198,0.0064,-0.0069,0.0091,-28.98,-34.56,-1.38,,adl
8.853233,0.0616,0.0378,0.1198,0.0037,0.0021,0.0085,-28.98,-34.56,-1.38,,adl
8.87378,0.0616,0.0378,0.1198,0.0043,0.0181,-0.0021,-28.98,-34.56,-1.38,,adl
8.895002,0.0616,0.0378,0.1198,0.0043,0.0181,-0.0021,-29.46,-35.1,-1.5,,adl
8.896564,0.0616,0.0378,0.1198,0.0021,0.0133,-0.0085,-29.46,-35.1,-1.5,,adl
8.911606,0.0616,0.0378,0.1198,0.0021,0.0133,-0.0085,-29.46,-35.1,-1.5,,adl
8.91305,-0.067,-0.0257,0.1701,0.0021,0.0133,-0.0085,-29.46,-35.1,-1.5,,adl
8.914217,-0.067,-0.0257,0.1701,-0.0016,0.0037,-0.0059,-29.46,-35.1,-1.5,,adl
8.935476,-0.067,-0.0257,0.1701,0.0,0.0,0.0005,-29.46,-35.1,-1.5,,adl
8.956262,-0.067,-0.0257,0.1701,0.0,0.0,0.0005,-29.34,-35.22,-1.08,,adl
8.957726,-0.067,-0.0257,0.1701,0.0064,-0.0016,0.0085,-29.34,-35.22,-1.08,,adl
8.972935,-0.067,-0.0257,0.1701,0.0064,-0.0016,0.0085,-29.34,-35.22,-1.08,,adl
8.974538,-0.0226,0.0023,0.1582,0.0064,-0.0016,0.0085,-29.34,-35.22,-1.08,,adl
8.975953,-0.0226,0.0023,0.1582,0.0037,-0.0069,0.0096,-29.34,-35.22,-1.08,,adl
8.996863,-0.0226,0.0023,0.1582,-0.0048,-0.0101,0.0075,-29.34,-35.22,-1.08,,adl
9.018071,-0.0226,0.0023,0.1582,-0.0048,-0.0101,0.0075,-29.4,-34.98,-1.26,,adl
9.019645,-0.0226,0.0023,0.1582,-0.0027,-0.0069,0.0027,-29.4,-34.98,-1.26,,adl
9.03442,-0.0226,0.0023,0.1582,-0.0027,-0.0069,0.0027,-29.4,-34.98,-1.26,,adl
9.035364,0.044,-0.0299,0.1414,-0.0027,-0.0069,0.0027,-29.4,-34.98,-1.26,,adl
9.039186,0.044,-0.0299,0.1414,0.0032,0.0075,-0.0075,-29.4,-34.98,-1.26,,adl
9.058725,0.044,-0.0299,0.1414,0.0085,0.0213,-0.0107,-29.4,-34.98,-1.26,,adl
9.080256,0.044,-0.0299,0.1414,0.0085,0.0213,-0.0107,-29.76,-35.04,-1.62,,adl
9.082058,0.044,-0.0299,0.1414,0.0043,0.008,-0.0064,-29.76,-35.04,-1.62,,adl
9.095754,0.044,-0.0299,0.1414,0.0043,0.008,-0.0064,-29.76,-35.04,-1.62,,adl
9.097228,-0.0393,0.0338,0.1295,0.0043,0.008,-0.0064,-29.76,-35.04,-1.62,,adl
9.098469,-0.0393,0.0338,0.1295,-0.0016,-0.0075,-0.0032,-29.76,-35.04,-1.62,,adl
9.119981,-0.0393,0.0338,0.1295,-0.0016,-0.0053,-0.0021,-29.76,-35.04,-1.62,,adl
9.141836,-0.0393,0.0338,0.1295,-0.0016,-0.0053,-0.0021,-29.34,-34.92,-1.74,,adl
9.143322,-0.0393,0.0338,0.1295,0.0005,0.0016,0.0021,-29.34,-34.92,-1.74,,adl
9.157808,-0.0393,0.0338,0.1295,0.0005,0.0016,0.0021,-29.34,-34.92,-1.74,,adl
9.159378,-0.0512,-0.0433,0.1989,0.0005,0.0016,0.0021,-29.34,-34.92,-1.74,,adl
9.16052,-0.0512,-0.0433,0.1989,-0.0005,-0.0005,0.0085,-29.34,-34.92,-1.74,,adl
9.181819,-0.0512,-0.0433,0.1989,-0.0027,-0.016,0.0133,-29.34,-34.92,-1.74,,adl
9.202771,-0.0512,-0.0433,0.1989,-0.0027,-0.016,0.0133,-29.58,-34.86,-1.86,,adl
9.204155,-0.0512,-0.0433,0.1989,0.0059,-0.0245,0.0096,-29.58,-34.86,-1.86,,adl
9.220363,-0.0512,-0.0433,0.1989,0.0059,-0.0245,0.0096,-29.58,-34.86,-1.86,,adl
9.222008,0.1252,0.0137,0.0863,0.0059,-0.0245,0.0096,-29.58,-34.86,-1.86,,adl
9.223043,0.1252,0.0137,0.0863,0.0059,-0.0032,0.0032,-29.58,-34.86,-1.86,,adl
9.243031,0.1252,0.0137,0.0863,0.0011,0.0229,-0.0032,-29.58,-34.86,-1.86,,adl
9.264812,0.1252,0.0137,0.0863,0.0011,0.0229,-0.0032,-29.52,-35.04,-1.26,,adl
9.266441,0.1252,0.0137,0.0863,-0.0048,0.0618,-0.0107,-29.52,-35.04,-1.26,,adl
9.280525,0.1252,0.0137,0.0863,-0.0048,0.0618,-0.0107,-29.52,-35.04,-1.26,,adl
9.281501,-0.0667,0.0156,0.2157,-0.0048,0.0618,-0.0107,-29.52,-35.04,-1.26,,adl
9.284265,-0.0667,0.0156,0.2157,-0.0005,0.0921,-0.0053,-29.52,-35.04,-1.26,,adl
9.304606,-0.0667,0.0156,0.2157,0.0101,0.0533,0.008,-29.52,-35.04,-1.26,,adl
9.325603,-0.0667,0.0156,0.2157,0.0101,0.0533,0.008,-29.34,-35.1,-1.14,,adl
9.327123,-0.0667,0.0156,0.2157,0.0,-0.1097,0.0149,-29.34,-35.1,-1.14,,adl
9.342422,-0.0667,0.0156,0.2157,0.0,-0.1097,0.0149,-29.34,-35.1,-1.14,,adl
9.343935,-0.079,-0.0777,0.1391,0.0,-0.1097,0.0149,-29.34,-35.1,-1.14,,adl
9.345293,-0.079,-0.0777,0.1391,-0.0138,-0.1774,0.0224,-29.34,-35.1,-1.14,,adl
9.36648,-0.079,-0.0777,0.1391,-0.0075,-0.0746,0.0176,-29.34,-35.1,-1.14,,adl
9.38724,-0.079,-0.0777,0.1391,-0.0075,-0.0746,0.0176,-29.46,-35.04,-1.14,,adl
9.388724,-0.079,-0.0777,0.1391,0.0085,0.0804,0.0123,-29.46,-35.04,-1.14,,adl
9.402381,-0.079,-0.0777,0.1391,0.0085,0.0804,0.0123,-29.46,-35.04,-1.14,,adl
9.403704,0.0983,0.013,0.1533,0.0085,0.0804,0.0123,-29.46,-35.04,-1.14,,adl
9.406893,0.0983,0.013,0.1533,-0.0059,0.0991,-0.0032,-29.46,-35.04,-1.14,,adl
9.428526,0.0983,0.013,0.1533,-0.0165,-0.0037,-0.0021,-29.46,-35.04,-1.14,,adl
9.449032,0.0983,0.013,0.1533,-0.0165,-0.0037,-0.0021,-29.34,-35.1,-1.74,,adl
9.450761,0.0983,0.013,0.1533,-0.0011,-0.0554,-0.0069,-29.34,-35.1,-1.74,,adl
9.464919,0.0983,0.013,0.1533,-0.0011,-0.0554,-0.0069,-29.34,-35.1,-1.74,,adl
9.466059,-0.011,0.001,0.1461,-0.0011,-0.0554,-0.0069,-29.34,-35.1,-1.74,,adl
9.469795,-0.011,0.001,0.1461,0.0144,-0.0101,-0.0085,-29.34,-35.1,-1.74,,adl
9.489966,-0.011,0.001,0.1461,0.0043,0.0495,-0.0075,-29.34,-35.1,-1.74,,adl
9.509963,-0.011,0.001,0.1461,0.0043,0.0495,-0.0075,-29.04,-34.98,-1.86,,adl
9.511435,-0.011,0.001,0.1461,-0.0037,0.0597,-0.0085,-29.04,-34.98,-1.86,,adl
9.5268,-0.011,0.001,0.1461,-0.0037,0.0597,-0.0085,-29.04,-34.98,-1.86,,adl
9.528292,-0.0174,0.0266,0.1726,-0.0037,0.0597,-0.0085,-29.04,-34.98,-1.86,,adl
9.529123,-0.0174,0.0266,0.1726,-0.0005,-0.0091,-0.0027,-29.04,-34.98,-1.86,,adl
9.551378,-0.0174,0.0266,0.1726,0.0059,-0.0639,0.0053,-29.04,-34.98,-1.86,,adl
9.57119,-0.0174,0.0266,0.1726,0.0059,-0.0639,0.0053,-28.92,-34.74,-1.5,,adl
9.572064,-0.0174,0.0266,0.1726,0.4517,1.0104,-0.1049,-28.92,-34.74,-1.5,,adl
9.587909,-0.0174,0.0266,0.1726,0.4517,1.0104,-0.1049,-28.92,-34.74,-1.5,,adl
9.588533,0.1565,-0.0723,-0.1593,0.4517,1.0104,-0.1049,-28.92,-34.74,-1.5,,adl
9.593388,0.1565,-0.0723,-0.1593,0.3377,1.2581,-0.0836,-28.92,-34.74,-1.5,,adl
9.610969,0.1565,-0.0723,-0.1593,-0.4181,-0.4671,-0.0314,-28.92,-34.74,-1.5,,adl
9.634402,0.1565,-0.0723,-0.1593,-0.4181,-0.4671,-0.0314,-29.1,-34.74,-1.56,,adl
9.635059,0.1565,-0.0723,-0.1593,-0.5965,-1.9468,0.1049,-29.1,-34.74,-1.56,,adl
